[
null,
{"id":1,"animationId":41,"consumable":true,"damage":{"critical":false,"elementId":0,"formula":"0","type":0,"variance":20},"description":"Restores 500 HP to one ally","effects":[{"code":11,"dataId":0,"value1":0,"value2":500}],"hitType":0,"iconIndex":264,"itypeId":1,"name":"Healing Grape","note":"<whole action>\nmotion item: user\nwait: 10\naction animation: targets\nwait for animation\naction effect\nImmortal: targets, false\nwait for animation\n</whole action>\n\n<target action>\n</target action>\n\n<recipe>\ni: 1, 5\t\t\nc: 1000\t\n</recipe>","occasion":0,"price":50,"repeats":1,"scope":7,"speed":0,"successRate":100,"tpGain":0},
{"id":2,"animationId":41,"consumable":true,"damage":{"critical":false,"elementId":0,"formula":"0","type":0,"variance":20},"description":"Restores 1000 HP to one ally","effects":[{"code":11,"dataId":0,"value1":0,"value2":1000}],"hitType":0,"iconIndex":264,"itypeId":1,"name":"Healing Grape (M)","note":"<whole action>\nmotion item: user\nwait: 10\naction animation: targets\nwait for animation\naction effect\nImmortal: targets, false\nwait for animation\n</whole action>\n\n<target action>\n</target action>","occasion":0,"price":100,"repeats":1,"scope":7,"speed":0,"successRate":100,"tpGain":0},
{"id":3,"animationId":41,"consumable":true,"damage":{"critical":false,"elementId":0,"formula":"0","type":0,"variance":20},"description":"Restores 300 HP to all allies","effects":[{"code":11,"dataId":0,"value1":0,"value2":300}],"hitType":0,"iconIndex":264,"itypeId":1,"name":"Healing Grape Bunch","note":"<whole action>\nmotion item: user\nwait: 10\naction animation: targets\nwait for animation\naction effect\nImmortal: targets, false\nwait for animation\n</whole action>\n\n<target action>\n</target action>","occasion":0,"price":200,"repeats":1,"scope":8,"speed":0,"successRate":100,"tpGain":0},
{"id":4,"animationId":41,"consumable":true,"damage":{"critical":false,"elementId":0,"formula":"0","type":0,"variance":20},"description":"Restores 50 MP to one ally","effects":[{"code":12,"dataId":0,"value1":0,"value2":50}],"hitType":0,"iconIndex":263,"itypeId":1,"name":"Mana Orange","note":"<whole action>\nmotion item: user\nwait: 10\naction animation: targets\nwait for animation\naction effect\nImmortal: targets, false\nwait for animation\n</whole action>\n\n<target action>\n</target action>","occasion":0,"price":50,"repeats":1,"scope":7,"speed":0,"successRate":100,"tpGain":0},
{"id":5,"animationId":41,"consumable":true,"damage":{"critical":false,"elementId":0,"formula":"0","type":0,"variance":20},"description":"Restores 90 MP to one ally","effects":[{"code":12,"dataId":0,"value1":0,"value2":90}],"hitType":0,"iconIndex":263,"itypeId":1,"name":"Mana Orange (M)","note":"<whole action>\nmotion item: user\nwait: 10\naction animation: targets\nwait for animation\naction effect\nImmortal: targets, false\nwait for animation\n</whole action>\n\n<target action>\n</target action>","occasion":0,"price":100,"repeats":1,"scope":7,"speed":0,"successRate":100,"tpGain":0},
{"id":6,"animationId":41,"consumable":true,"damage":{"critical":false,"elementId":0,"formula":"0","type":0,"variance":20},"description":"Restores 30 MP to all allies","effects":[{"code":12,"dataId":0,"value1":0,"value2":30}],"hitType":0,"iconIndex":263,"itypeId":1,"name":"Mana Orange Basket","note":"<whole action>\nmotion item: user\nwait: 10\naction animation: targets\nwait for animation\naction effect\nImmortal: targets, false\nwait for animation\n</whole action>\n\n<target action>\n</target action>","occasion":0,"price":200,"repeats":1,"scope":8,"speed":0,"successRate":100,"tpGain":0},
{"id":7,"animationId":41,"consumable":true,"damage":{"critical":false,"elementId":0,"formula":"0","type":0,"variance":20},"description":"Restores 2 BP to one ally","effects":[],"hitType":0,"iconIndex":280,"itypeId":1,"name":"Spirit Tomato","note":"<Target BP: +2>\n<Before Eval>\nvar bp = 2;\ntarget.result().mpDamage = bp;\ntarget.startDamagePopup();\ntarget.clearResult();\n</Before Eval>\n\n<whole action>\nmotion item: user\nwait: 10\naction animation: targets\nwait for animation\naction effect\nImmortal: targets, false\nwait for animation\n</whole action>\n\n<target action>\n</target action>","occasion":1,"price":50,"repeats":1,"scope":7,"speed":0,"successRate":100,"tpGain":0},
{"id":8,"animationId":41,"consumable":true,"damage":{"critical":false,"elementId":0,"formula":"0","type":0,"variance":20},"description":"Restores 3 BP to one ally","effects":[],"hitType":0,"iconIndex":280,"itypeId":1,"name":"Spirit Tomato (M)","note":"<Target BP: +3>\n<Before Eval>\nvar bp = 3;\ntarget.result().mpDamage = bp;\ntarget.startDamagePopup();\ntarget.clearResult();\n</Before Eval>\n\n<whole action>\nmotion item: user\nwait: 10\naction animation: targets\nwait for animation\naction effect\nImmortal: targets, false\nwait for animation\n</whole action>\n\n<target action>\n</target action>","occasion":1,"price":100,"repeats":1,"scope":7,"speed":0,"successRate":100,"tpGain":0},
{"id":9,"animationId":41,"consumable":true,"damage":{"critical":false,"elementId":0,"formula":"0","type":0,"variance":20},"description":"Restores 4 BP to one ally","effects":[],"hitType":0,"iconIndex":280,"itypeId":1,"name":"Spirit Tomato (L)","note":"<Target BP: +4>\n<Before Eval>\nvar bp = 4;\ntarget.result().mpDamage = bp;\ntarget.startDamagePopup();\ntarget.clearResult();\n</Before Eval>\n\n<whole action>\nmotion item: user\nwait: 10\naction animation: targets\nwait for animation\naction effect\nImmortal: targets, false\nwait for animation\n</whole action>\n\n<target action>\n</target action>","occasion":1,"price":200,"repeats":1,"scope":7,"speed":0,"successRate":100,"tpGain":0},
{"id":10,"animationId":41,"consumable":true,"damage":{"critical":false,"elementId":0,"formula":"0","type":0,"variance":20},"description":"Restores all HP and MP to a single ally.","effects":[{"code":11,"dataId":0,"value1":1,"value2":0},{"code":12,"dataId":0,"value1":1,"value2":0}],"hitType":0,"iconIndex":228,"itypeId":1,"name":"Refreshing Jam","note":"<whole action>\nmotion item: user\nwait: 10\naction animation: targets\nwait for animation\naction effect\nImmortal: targets, false\nwait for animation\n</whole action>\n\n<target action>\n</target action>","occasion":0,"price":500,"repeats":1,"scope":7,"speed":0,"successRate":100,"tpGain":0},
{"id":11,"animationId":41,"consumable":true,"damage":{"critical":false,"elementId":0,"formula":"0","type":0,"variance":20},"description":"Restores all HP, MP, and 5 BP to a single ally","effects":[{"code":11,"dataId":0,"value1":1,"value2":0},{"code":12,"dataId":0,"value1":1,"value2":0}],"hitType":0,"iconIndex":228,"itypeId":1,"name":"Revitalizing Jam","note":"<Target BP: +5>\n\n<whole action>\nmotion item: user\nwait: 10\naction animation: targets\nwait for animation\naction effect\nImmortal: targets, false\nwait for animation\n</whole action>\n\n<target action>\n</target action>","occasion":1,"price":1000,"repeats":1,"scope":7,"speed":0,"successRate":100,"tpGain":0},
{"id":12,"animationId":41,"consumable":true,"damage":{"critical":false,"elementId":0,"formula":"0","type":0,"variance":20},"description":"Revives and restores 20% HP to a single fallen ally.","effects":[{"code":22,"dataId":1,"value1":1,"value2":0},{"code":11,"dataId":0,"value1":0.2,"value2":0}],"hitType":0,"iconIndex":257,"itypeId":1,"name":"Onion of Life","note":"<whole action>\nmotion item: user\nwait: 10\naction animation: targets\nwait for animation\naction effect\nImmortal: targets, false\nwait for animation\n</whole action>\n\n<target action>\n</target action>","occasion":1,"price":100,"repeats":1,"scope":9,"speed":0,"successRate":100,"tpGain":0},
{"id":13,"animationId":41,"consumable":true,"damage":{"critical":false,"elementId":0,"formula":"0","type":0,"variance":20},"description":"Revives and restores 50% HP to a single fallen ally.","effects":[{"code":22,"dataId":1,"value1":1,"value2":0},{"code":11,"dataId":0,"value1":0.5,"value2":0}],"hitType":0,"iconIndex":257,"itypeId":1,"name":"Onion of Life (M)","note":"<whole action>\nmotion item: user\nwait: 10\naction animation: targets\nwait for animation\naction effect\nImmortal: targets, false\nwait for animation\n</whole action>\n\n<target action>\n</target action>","occasion":1,"price":200,"repeats":1,"scope":9,"speed":0,"successRate":100,"tpGain":0},
{"id":14,"animationId":41,"consumable":true,"damage":{"critical":false,"elementId":0,"formula":"0","type":0,"variance":20},"description":"Revives and restores 100% HP to a single fallen ally.","effects":[{"code":22,"dataId":1,"value1":1,"value2":0},{"code":11,"dataId":0,"value1":1,"value2":0}],"hitType":0,"iconIndex":257,"itypeId":1,"name":"Onion of Life (L)","note":"<whole action>\nmotion item: user\nwait: 10\naction animation: targets\nwait for animation\naction effect\nImmortal: targets, false\nwait for animation\n</whole action>\n\n<target action>\n</target action>","occasion":1,"price":500,"repeats":1,"scope":9,"speed":0,"successRate":100,"tpGain":0},
{"id":15,"animationId":46,"consumable":true,"damage":{"critical":false,"elementId":0,"formula":"0","type":0,"variance":20},"description":"Cures a single ally of poison.","effects":[{"code":22,"dataId":6,"value1":1,"value2":0}],"hitType":0,"iconIndex":276,"itypeId":1,"name":"Herb of Healing","note":"<whole action>\nmotion item: user\nwait: 10\naction animation: targets\nwait for animation\naction effect\nImmortal: targets, false\nwait for animation\n</whole action>\n\n<target action>\n</target action>","occasion":1,"price":20,"repeats":1,"scope":7,"speed":0,"successRate":100,"tpGain":0},
{"id":16,"animationId":46,"consumable":true,"damage":{"critical":false,"elementId":0,"formula":"0","type":0,"variance":20},"description":"Cures a single ally of silence.","effects":[{"code":22,"dataId":7,"value1":1,"value2":0}],"hitType":0,"iconIndex":276,"itypeId":1,"name":"Herb of Clamor","note":"<whole action>\nmotion item: user\nwait: 10\naction animation: targets\nwait for animation\naction effect\nImmortal: targets, false\nwait for animation\n</whole action>\n\n<target action>\n</target action>","occasion":1,"price":20,"repeats":1,"scope":7,"speed":0,"successRate":100,"tpGain":0},
{"id":17,"animationId":46,"consumable":true,"damage":{"critical":false,"elementId":0,"formula":"0","type":0,"variance":20},"description":"Cures a single ally of blindness.","effects":[{"code":22,"dataId":8,"value1":1,"value2":0}],"hitType":0,"iconIndex":276,"itypeId":1,"name":"Herb of Light","note":"<whole action>\nmotion item: user\nwait: 10\naction animation: targets\nwait for animation\naction effect\nImmortal: targets, false\nwait for animation\n</whole action>\n\n<target action>\n</target action>","occasion":1,"price":20,"repeats":1,"scope":7,"speed":0,"successRate":100,"tpGain":0},
{"id":18,"animationId":46,"consumable":true,"damage":{"critical":false,"elementId":0,"formula":"0","type":0,"variance":20},"description":"Cures a single ally of confusion.","effects":[{"code":22,"dataId":12,"value1":1,"value2":0}],"hitType":0,"iconIndex":276,"itypeId":1,"name":"Herb of Clarity","note":"<whole action>\nmotion item: user\nwait: 10\naction animation: targets\nwait for animation\naction effect\nImmortal: targets, false\nwait for animation\n</whole action>\n\n<target action>\n</target action>","occasion":1,"price":20,"repeats":1,"scope":7,"speed":0,"successRate":100,"tpGain":0},
{"id":19,"animationId":46,"consumable":true,"damage":{"critical":false,"elementId":0,"formula":"0","type":0,"variance":20},"description":"Cures a single ally of sleep.","effects":[{"code":22,"dataId":11,"value1":1,"value2":0}],"hitType":0,"iconIndex":276,"itypeId":1,"name":"Herb of Waking","note":"<whole action>\nmotion item: user\nwait: 10\naction animation: targets\nwait for animation\naction effect\nImmortal: targets, false\nwait for animation\n</whole action>\n\n<target action>\n</target action>","occasion":1,"price":20,"repeats":1,"scope":7,"speed":0,"successRate":100,"tpGain":0},
{"id":20,"animationId":46,"consumable":true,"damage":{"critical":false,"elementId":0,"formula":"0","type":0,"variance":20},"description":"Cures a single ally of terror.","effects":[{"code":22,"dataId":9,"value1":1,"value2":0}],"hitType":0,"iconIndex":276,"itypeId":1,"name":"Herb of Valor","note":"<whole action>\nmotion item: user\nwait: 10\naction animation: targets\nwait for animation\naction effect\nImmortal: targets, false\nwait for animation\n</whole action>\n\n<target action>\n</target action>","occasion":1,"price":20,"repeats":1,"scope":7,"speed":0,"successRate":100,"tpGain":0},
{"id":21,"animationId":59,"consumable":true,"damage":{"critical":false,"elementId":0,"formula":"0","type":0,"variance":20},"description":"Inflicts poison on a single foe.","effects":[{"code":21,"dataId":6,"value1":1,"value2":0}],"hitType":0,"iconIndex":177,"itypeId":1,"name":"Bottle of Poison","note":"<whole action>\nmotion item: user\nwait: 10\naction animation: targets\nwait for animation\naction effect\nImmortal: targets, false\nwait for animation\n</whole action>\n\n<target action>\n</target action>","occasion":1,"price":50,"repeats":1,"scope":1,"speed":0,"successRate":100,"tpGain":0},
{"id":22,"animationId":60,"consumable":true,"damage":{"critical":false,"elementId":0,"formula":"0","type":0,"variance":20},"description":"Inflicts blindness on a single foe.","effects":[{"code":21,"dataId":8,"value1":1,"value2":0}],"hitType":0,"iconIndex":177,"itypeId":1,"name":"Bottle of Dust","note":"<whole action>\nmotion item: user\nwait: 10\naction animation: targets\nwait for animation\naction effect\nImmortal: targets, false\nwait for animation\n</whole action>\n\n<target action>\n</target action>","occasion":1,"price":50,"repeats":1,"scope":1,"speed":0,"successRate":100,"tpGain":0},
{"id":23,"animationId":63,"consumable":true,"damage":{"critical":false,"elementId":0,"formula":"0","type":0,"variance":20},"description":"Inflicts confusion on a single foe.","effects":[{"code":21,"dataId":12,"value1":1,"value2":0}],"hitType":0,"iconIndex":177,"itypeId":1,"name":"Bottle of Chaos","note":"<whole action>\nmotion item: user\nwait: 10\naction animation: targets\nwait for animation\naction effect\nImmortal: targets, false\nwait for animation\n</whole action>\n\n<target action>\n</target action>","occasion":1,"price":50,"repeats":1,"scope":1,"speed":0,"successRate":100,"tpGain":0},
{"id":24,"animationId":62,"consumable":true,"damage":{"critical":false,"elementId":0,"formula":"0","type":0,"variance":20},"description":"Inflicts sleep on a single foe.","effects":[{"code":21,"dataId":11,"value1":1,"value2":0}],"hitType":0,"iconIndex":177,"itypeId":1,"name":"Bottle of Sleep","note":"<whole action>\nmotion item: user\nwait: 10\naction animation: targets\nwait for animation\naction effect\nImmortal: targets, false\nwait for animation\n</whole action>\n\n<target action>\n</target action>","occasion":1,"price":50,"repeats":1,"scope":1,"speed":0,"successRate":100,"tpGain":0},
{"id":25,"animationId":67,"consumable":true,"damage":{"critical":false,"elementId":7,"formula":"200","type":1,"variance":0},"description":"Inflict \\c[27]\\bpDamage[200]\\c[0] fire damage to all enemies.","effects":[],"hitType":0,"iconIndex":64,"itypeId":1,"name":"Fire Stone (S)","note":"<Boost Damage>\n\n<whole action>\nmotion item: user\nwait: 20\naction animation: targets\nwait for animation\naction effect\nImmortal: targets, false\nwait for animation\n</whole action>\n\n<target action>\n</target action>","occasion":1,"price":550,"repeats":1,"scope":2,"speed":0,"successRate":100,"tpGain":0},
{"id":26,"animationId":66,"consumable":true,"damage":{"critical":false,"elementId":7,"formula":"1100","type":1,"variance":0},"description":"Inflict \\c[27]\\bpDamage[1100]\\c[0] fire damage to all enemies.","effects":[],"hitType":0,"iconIndex":64,"itypeId":1,"name":"Fire Stone (M)","note":"<Boost Damage>\n\n<whole action>\nmotion item: user\nwait: 20\naction animation: targets\nwait for animation\naction effect\nImmortal: targets, false\nwait for animation\n</whole action>\n\n<target action>\n</target action>","occasion":1,"price":1500,"repeats":1,"scope":2,"speed":0,"successRate":100,"tpGain":0},
{"id":27,"animationId":68,"consumable":true,"damage":{"critical":false,"elementId":7,"formula":"2700","type":1,"variance":0},"description":"Inflict \\c[27]\\bpDamage[2700]\\c[0] fire damage to all enemies.","effects":[],"hitType":0,"iconIndex":64,"itypeId":1,"name":"Fire Stone (L)","note":"<Boost Damage>\n<Bypass Damage Cap>\n\n<whole action>\nmotion item: user\nwait: 20\naction animation: targets\nwait for animation\naction effect\nImmortal: targets, false\nwait for animation\n</whole action>\n\n<target action>\n</target action>","occasion":1,"price":3200,"repeats":1,"scope":2,"speed":0,"successRate":100,"tpGain":0},
{"id":28,"animationId":72,"consumable":true,"damage":{"critical":false,"elementId":8,"formula":"200","type":1,"variance":0},"description":"Inflict \\c[27]\\bpDamage[200]\\c[0] ice damage to all enemies.","effects":[],"hitType":0,"iconIndex":65,"itypeId":1,"name":"Ice Stone (S)","note":"<Boost Damage>\n\n<whole action>\nmotion item: user\nwait: 20\naction animation: targets\nwait for animation\naction effect\nImmortal: targets, false\nwait for animation\n</whole action>\n\n<target action>\n</target action>","occasion":1,"price":550,"repeats":1,"scope":2,"speed":0,"successRate":100,"tpGain":0},
{"id":29,"animationId":71,"consumable":true,"damage":{"critical":false,"elementId":8,"formula":"1100","type":1,"variance":0},"description":"Inflict \\c[27]\\bpDamage[1100]\\c[0] ice damage to all enemies.","effects":[],"hitType":0,"iconIndex":65,"itypeId":1,"name":"Ice Stone (M)","note":"<Boost Damage>\n\n<whole action>\nmotion item: user\nwait: 20\naction animation: targets\nwait for animation\naction effect\nImmortal: targets, false\nwait for animation\n</whole action>\n\n<target action>\n</target action>","occasion":1,"price":1500,"repeats":1,"scope":2,"speed":0,"successRate":100,"tpGain":0},
{"id":30,"animationId":73,"consumable":true,"damage":{"critical":false,"elementId":8,"formula":"2700","type":1,"variance":0},"description":"Inflict \\c[27]\\bpDamage[2700]\\c[0] ice damage to all enemies.","effects":[],"hitType":0,"iconIndex":65,"itypeId":1,"name":"Ice Stone (L)","note":"<Boost Damage>\n<Bypass Damage Cap>\n\n<whole action>\nmotion item: user\nwait: 20\naction animation: targets\nwait for animation\naction effect\nImmortal: targets, false\nwait for animation\n</whole action>\n\n<target action>\n</target action>","occasion":1,"price":3200,"repeats":1,"scope":2,"speed":0,"successRate":100,"tpGain":0},
{"id":31,"animationId":76,"consumable":true,"damage":{"critical":false,"elementId":9,"formula":"200","type":1,"variance":0},"description":"Inflict \\c[27]\\bpDamage[200]\\c[0] lightning damage to all enemies.","effects":[],"hitType":0,"iconIndex":66,"itypeId":1,"name":"Thunder Stone (S)","note":"<Boost Damage>\n\n<whole action>\nmotion item: user\nwait: 20\naction animation: targets\nwait for animation\naction effect\nImmortal: targets, false\nwait for animation\n</whole action>\n\n<target action>\n</target action>","occasion":1,"price":550,"repeats":1,"scope":2,"speed":0,"successRate":100,"tpGain":0},
{"id":32,"animationId":77,"consumable":true,"damage":{"critical":false,"elementId":9,"formula":"1100","type":1,"variance":0},"description":"Inflict \\c[27]\\bpDamage[1100]\\c[0] lightning damage to all enemies.","effects":[],"hitType":0,"iconIndex":66,"itypeId":1,"name":"Thunder Stone (M)","note":"<Boost Damage>\n\n<whole action>\nmotion item: user\nwait: 20\naction animation: targets\nwait for animation\naction effect\nImmortal: targets, false\nwait for animation\n</whole action>\n\n<target action>\n</target action>","occasion":1,"price":1500,"repeats":1,"scope":2,"speed":0,"successRate":100,"tpGain":0},
{"id":33,"animationId":78,"consumable":true,"damage":{"critical":false,"elementId":9,"formula":"2700","type":1,"variance":0},"description":"Inflict \\c[27]\\bpDamage[2700]\\c[0] lightning damage to all enemies.","effects":[],"hitType":0,"iconIndex":66,"itypeId":1,"name":"Thunder Stone (L)","note":"<Boost Damage>\n<Bypass Damage Cap>\n\n<whole action>\nmotion item: user\nwait: 20\naction animation: targets\nwait for animation\naction effect\nImmortal: targets, false\nwait for animation\n</whole action>\n\n<target action>\n</target action>","occasion":1,"price":3200,"repeats":1,"scope":2,"speed":0,"successRate":100,"tpGain":0},
{"id":34,"animationId":92,"consumable":true,"damage":{"critical":false,"elementId":10,"formula":"200","type":1,"variance":0},"description":"Inflict \\c[27]\\bpDamage[200]\\c[0] wind damage to all enemies.","effects":[],"hitType":0,"iconIndex":69,"itypeId":1,"name":"Wind Stone (S)","note":"<Boost Damage>\n\n<whole action>\nmotion item: user\nwait: 20\naction animation: targets\nwait for animation\naction effect\nImmortal: targets, false\nwait for animation\n</whole action>\n\n<target action>\n</target action>","occasion":1,"price":550,"repeats":1,"scope":2,"speed":0,"successRate":100,"tpGain":0},
{"id":35,"animationId":91,"consumable":true,"damage":{"critical":false,"elementId":10,"formula":"1100","type":1,"variance":0},"description":"Inflict \\c[27]\\bpDamage[1100]\\c[0] wind damage to all enemies.","effects":[],"hitType":0,"iconIndex":69,"itypeId":1,"name":"Wind Stone (M)","note":"<Boost Damage>\n\n<whole action>\nmotion item: user\nwait: 20\naction animation: targets\nwait for animation\naction effect\nImmortal: targets, false\nwait for animation\n</whole action>\n\n<target action>\n</target action>","occasion":1,"price":1500,"repeats":1,"scope":2,"speed":0,"successRate":100,"tpGain":0},
{"id":36,"animationId":93,"consumable":true,"damage":{"critical":false,"elementId":10,"formula":"2700","type":1,"variance":0},"description":"Inflict \\c[27]\\bpDamage[2700]\\c[0] wind damage to all enemies.","effects":[],"hitType":0,"iconIndex":69,"itypeId":1,"name":"Wind Stone (L)","note":"<Boost Damage>\n<Bypass Damage Cap>\n\n<whole action>\nmotion item: user\nwait: 20\naction animation: targets\nwait for animation\naction effect\nImmortal: targets, false\nwait for animation\n</whole action>\n\n<target action>\n</target action>","occasion":1,"price":3200,"repeats":1,"scope":2,"speed":0,"successRate":100,"tpGain":0},
{"id":37,"animationId":97,"consumable":true,"damage":{"critical":false,"elementId":11,"formula":"200","type":1,"variance":0},"description":"Inflict \\c[27]\\bpDamage[200]\\c[0] light damage to all enemies.","effects":[],"hitType":0,"iconIndex":70,"itypeId":1,"name":"Light Stone (S)","note":"<Boost Damage>\n\n<whole action>\nmotion item: user\nwait: 20\naction animation: targets\nwait for animation\naction effect\nImmortal: targets, false\nwait for animation\n</whole action>\n\n<target action>\n</target action>","occasion":1,"price":550,"repeats":1,"scope":2,"speed":0,"successRate":100,"tpGain":0},
{"id":38,"animationId":96,"consumable":true,"damage":{"critical":false,"elementId":11,"formula":"1100","type":1,"variance":0},"description":"Inflict \\c[27]\\bpDamage[1100]\\c[0] light damage to all enemies.","effects":[],"hitType":0,"iconIndex":70,"itypeId":1,"name":"Light Stone (M)","note":"<Boost Damage>\n\n<whole action>\nmotion item: user\nwait: 20\naction animation: targets\nwait for animation\naction effect\nImmortal: targets, false\nwait for animation\n</whole action>\n\n<target action>\n</target action>","occasion":1,"price":1500,"repeats":1,"scope":2,"speed":0,"successRate":100,"tpGain":0},
{"id":39,"animationId":98,"consumable":true,"damage":{"critical":false,"elementId":11,"formula":"2700","type":1,"variance":0},"description":"Inflict \\c[27]\\bpDamage[2700]\\c[0] light damage to all enemies.","effects":[],"hitType":0,"iconIndex":70,"itypeId":1,"name":"Light Stone (L)","note":"<Boost Damage>\n<Bypass Damage Cap>\n\n<whole action>\nmotion item: user\nwait: 20\naction animation: targets\nwait for animation\naction effect\nImmortal: targets, false\nwait for animation\n</whole action>\n\n<target action>\n</target action>","occasion":1,"price":3200,"repeats":1,"scope":2,"speed":0,"successRate":100,"tpGain":0},
{"id":40,"animationId":102,"consumable":true,"damage":{"critical":false,"elementId":12,"formula":"200","type":1,"variance":0},"description":"Inflict \\c[27]\\bpDamage[200]\\c[0] dark damage to all enemies.","effects":[],"hitType":0,"iconIndex":71,"itypeId":1,"name":"Dark Stone (S)","note":"<Boost Damage>\n\n<whole action>\nmotion item: user\nwait: 20\naction animation: targets\nwait for animation\naction effect\nImmortal: targets, false\nwait for animation\n</whole action>\n\n<target action>\n</target action>","occasion":1,"price":550,"repeats":1,"scope":2,"speed":0,"successRate":100,"tpGain":0},
{"id":41,"animationId":101,"consumable":true,"damage":{"critical":false,"elementId":12,"formula":"1100","type":1,"variance":0},"description":"Inflict \\c[27]\\bpDamage[1100]\\c[0] dark damage to all enemies.","effects":[],"hitType":0,"iconIndex":71,"itypeId":1,"name":"Dark Stone (M)","note":"<Boost Damage>\n\n<whole action>\nmotion item: user\nwait: 20\naction animation: targets\nwait for animation\naction effect\nImmortal: targets, false\nwait for animation\n</whole action>\n\n<target action>\n</target action>","occasion":1,"price":1500,"repeats":1,"scope":2,"speed":0,"successRate":100,"tpGain":0},
{"id":42,"animationId":103,"consumable":true,"damage":{"critical":false,"elementId":12,"formula":"2700","type":1,"variance":0},"description":"Inflict \\c[27]\\bpDamage[2700]\\c[0] dark damage to all enemies.","effects":[],"hitType":0,"iconIndex":71,"itypeId":1,"name":"Dark Stone (L)","note":"<Boost Damage>\n<Bypass Damage Cap>\n\n<whole action>\nmotion item: user\nwait: 20\naction animation: targets\nwait for animation\naction effect\nImmortal: targets, false\nwait for animation\n</whole action>\n\n<target action>\n</target action>","occasion":1,"price":3200,"repeats":1,"scope":2,"speed":0,"successRate":100,"tpGain":0},
{"id":43,"animationId":0,"consumable":true,"damage":{"critical":false,"elementId":0,"formula":"0","type":0,"variance":20},"description":"Mild medicinal component of small volume.\nPrimary concoction component.","effects":[],"hitType":0,"iconIndex":304,"itypeId":1,"name":"Soothing Seed","note":"<Item Concoct>\nNoxroot: Curative Balm\nSleepweed: Rousing Balm\nAddlewort: Lucid Balm\nGrape Essence: Healing Balm\nPlum Essence: Inspiriting Balm\nTomato Essence: Boosting Balm\nOnion Bloom: Reviving Balm\nCurious Bloom: Curious Balm\n</Item Concoct>","occasion":3,"price":15,"repeats":1,"scope":0,"speed":0,"successRate":100,"tpGain":0},
{"id":44,"animationId":0,"consumable":true,"damage":{"critical":false,"elementId":0,"formula":"0","type":0,"variance":20},"description":"Mild medicinal component of large volume.\nPrimary concoction component.","effects":[],"hitType":0,"iconIndex":304,"itypeId":1,"name":"Soothing Dust","note":"<Item Concoct>\nNoxroot: Curative Mist\nSleepweed: Rousing Mist\nAddlewort: Lucid Mist\nGrape Essence: Healing Mist\nPlum Essence: Inspiriting Mist\nTomato Essence: Boosting Mist\nOnion Bloom: Reviving Mist\nCurious Bloom: Curious Mist\n</Item Concoct>","occasion":3,"price":30,"repeats":1,"scope":0,"speed":0,"successRate":100,"tpGain":0},
{"id":45,"animationId":0,"consumable":true,"damage":{"critical":false,"elementId":0,"formula":"0","type":0,"variance":20},"description":"Potent medicinal component of small volume.\nPrimary concoction component.","effects":[],"hitType":0,"iconIndex":304,"itypeId":1,"name":"Purifying Seed","note":"<Item Concoct>\nNoxroot: Curative Balm+\nSleepweed: Rousing Balm+\nAddlewort: Lucid Balm+\nGrape Essence: Healing Balm+\nPlum Essence: Inspiriting Balm+\nTomato Essence: Boosting Balm+\nOnion Bloom: Reviving Balm+\nCurious Bloom: Curious Balm+\n</Item Concoct>","occasion":3,"price":150,"repeats":1,"scope":0,"speed":0,"successRate":100,"tpGain":0},
{"id":46,"animationId":0,"consumable":true,"damage":{"critical":false,"elementId":0,"formula":"0","type":0,"variance":20},"description":"Potent medicinal component of large volume.\nPrimary concoction component.","effects":[],"hitType":0,"iconIndex":304,"itypeId":1,"name":"Purifying Dust","note":"<Item Concoct>\nNoxroot: Curative Mist+\nSleepweed: Rousing Mist+\nAddlewort: Lucid Mist+\nGrape Essence: Healing Mist+\nPlum Essence: Inspiriting Mist+\nTomato Essence: Boosting Mist+\nOnion Bloom: Reviving Mist+\nCurious Bloom: Curious Mist+\n</Item Concoct>","occasion":3,"price":300,"repeats":1,"scope":0,"speed":0,"successRate":100,"tpGain":0},
{"id":47,"animationId":0,"consumable":true,"damage":{"critical":false,"elementId":0,"formula":"0","type":0,"variance":20},"description":"Mild hazardous component of small volume.\nPrimary concoction component.","effects":[],"hitType":0,"iconIndex":305,"itypeId":1,"name":"Injurious Seed","note":"<Item Concoct>\nNoxroot: Fiery Powder\nSleepweed: Chilling Powder\nAddlewort: Glimmering Powder\nGrape Essence: Blustery Powder\nPlum Essence: Tingling Powder\nTomato Essence: Shadow Powder\nOnion Bloom: Blustery Bloom\nCurious Bloom: Curious Bloom\n</Item Concoct>","occasion":3,"price":15,"repeats":1,"scope":0,"speed":0,"successRate":100,"tpGain":0},
{"id":48,"animationId":0,"consumable":true,"damage":{"critical":false,"elementId":0,"formula":"0","type":0,"variance":20},"description":"Mild hazardous component of large volume.\nPrimary concoction component.","effects":[],"hitType":0,"iconIndex":305,"itypeId":1,"name":"Injurious Dust","note":"<Item Concoct>\nNoxroot: Fiery Plume\nSleepweed: Chilling Plume\nAddlewort: Glimmering Plume\nGrape Essence: Blustery Plume\nPlum Essence: Tingling Plume\nTomato Essence: Shadow Plume\nOnion Bloom: Blustery Incense\nCurious Bloom: Curious Incense\n</Item Concoct>","occasion":3,"price":30,"repeats":1,"scope":0,"speed":0,"successRate":100,"tpGain":0},
{"id":49,"animationId":0,"consumable":true,"damage":{"critical":false,"elementId":0,"formula":"0","type":0,"variance":20},"description":"Potent hazardous component of small volume.\nPrimary concoction component.","effects":[],"hitType":0,"iconIndex":305,"itypeId":1,"name":"Ruinous Seed","note":"<Item Concoct>\nNoxroot: Fiery Powder+\nSleepweed: Chilling Powder+\nAddlewort: Glimmering Powder+\nGrape Essence: Blustery Powder+\nPlum Essence: Tingling Powder+\nTomato Essence: Shadow Powder+\nOnion Bloom: Blustery Bloom+\nCurious Bloom: Curious Bloom+\n</Item Concoct>","occasion":3,"price":150,"repeats":1,"scope":0,"speed":0,"successRate":100,"tpGain":0},
{"id":50,"animationId":0,"consumable":true,"damage":{"critical":false,"elementId":0,"formula":"0","type":0,"variance":20},"description":"Potent hazardous component of large volume.\nPrimary concoction component.","effects":[],"hitType":0,"iconIndex":305,"itypeId":1,"name":"Ruinous Dust","note":"<Item Concoct>\nNoxroot: Fiery Plume+\nSleepweed: Chilling Plume+\nAddlewort: Glimmering Plume+\nGrape Essence: Blustery Plume+\nPlum Essence: Tingling Plume+\nTomato Essence: Shadow Plume+\nOnion Bloom: Blustery Incense+\nCurious Bloom: Curious Incense+\n</Item Concoct>","occasion":3,"price":300,"repeats":1,"scope":0,"speed":0,"successRate":100,"tpGain":0},
{"id":51,"animationId":0,"consumable":true,"damage":{"critical":false,"elementId":0,"formula":"0","type":0,"variance":20},"description":"Component with poisonous effects.\nSecondary concoction component.","effects":[],"hitType":0,"iconIndex":292,"itypeId":1,"name":"Noxroot","note":"","occasion":3,"price":10,"repeats":1,"scope":0,"speed":0,"successRate":100,"tpGain":0},
{"id":52,"animationId":0,"consumable":true,"damage":{"critical":false,"elementId":0,"formula":"0","type":0,"variance":20},"description":"Component with soporific effects.\nSecondary concoction component.","effects":[],"hitType":0,"iconIndex":292,"itypeId":1,"name":"Sleepweed","note":"","occasion":3,"price":10,"repeats":1,"scope":0,"speed":0,"successRate":100,"tpGain":0},
{"id":53,"animationId":0,"consumable":true,"damage":{"critical":false,"elementId":0,"formula":"0","type":0,"variance":20},"description":"Component with befuddling effects.\nSecondary concoction component.","effects":[],"hitType":0,"iconIndex":292,"itypeId":1,"name":"Addlewort","note":"","occasion":3,"price":10,"repeats":1,"scope":0,"speed":0,"successRate":100,"tpGain":0},
{"id":54,"animationId":0,"consumable":true,"damage":{"critical":false,"elementId":0,"formula":"0","type":0,"variance":20},"description":"Component that restores health.\nSecondary concoction component.","effects":[],"hitType":0,"iconIndex":292,"itypeId":1,"name":"Grape Essence","note":"","occasion":3,"price":10,"repeats":1,"scope":0,"speed":0,"successRate":100,"tpGain":0},
{"id":55,"animationId":0,"consumable":true,"damage":{"critical":false,"elementId":0,"formula":"0","type":0,"variance":20},"description":"Component that restores mana.\nSecondary concoction component.","effects":[],"hitType":0,"iconIndex":292,"itypeId":1,"name":"Plum Essence","note":"","occasion":3,"price":10,"repeats":1,"scope":0,"speed":0,"successRate":100,"tpGain":0},
{"id":56,"animationId":0,"consumable":true,"damage":{"critical":false,"elementId":0,"formula":"0","type":0,"variance":20},"description":"Component that restores spirit.\nSecondary concoction component.","effects":[],"hitType":0,"iconIndex":292,"itypeId":1,"name":"Tomato Essence","note":"","occasion":3,"price":10,"repeats":1,"scope":0,"speed":0,"successRate":100,"tpGain":0},
{"id":57,"animationId":0,"consumable":true,"damage":{"critical":false,"elementId":0,"formula":"0","type":0,"variance":20},"description":"Component that restores life.\nSecondary concoction component.","effects":[],"hitType":0,"iconIndex":292,"itypeId":1,"name":"Onion Bloom","note":"","occasion":3,"price":10,"repeats":1,"scope":0,"speed":0,"successRate":100,"tpGain":0},
{"id":58,"animationId":0,"consumable":true,"damage":{"critical":false,"elementId":0,"formula":"0","type":0,"variance":20},"description":"Component bearing unknown effects.\nSecondary concoction component.","effects":[],"hitType":0,"iconIndex":292,"itypeId":1,"name":"Curious Bloom","note":"","occasion":3,"price":10,"repeats":1,"scope":0,"speed":0,"successRate":100,"tpGain":0},
{"id":59,"animationId":0,"consumable":true,"damage":{"critical":false,"elementId":0,"formula":"0","type":0,"variance":20},"description":"","effects":[],"hitType":0,"iconIndex":0,"itypeId":1,"name":"","note":"","occasion":3,"price":0,"repeats":1,"scope":7,"speed":0,"successRate":100,"tpGain":0},
{"id":60,"animationId":0,"consumable":true,"damage":{"critical":false,"elementId":0,"formula":"0","type":0,"variance":20},"description":"","effects":[],"hitType":0,"iconIndex":0,"itypeId":3,"name":"<Item Concoct Effects>","note":"","occasion":3,"price":0,"repeats":1,"scope":7,"speed":0,"successRate":100,"tpGain":0},
{"id":61,"animationId":41,"consumable":true,"damage":{"critical":false,"elementId":0,"formula":"0","type":0,"variance":20},"description":"Single ally. Restores 1,000 HP.\nCures poisoning.","effects":[{"code":11,"dataId":0,"value1":0,"value2":1000},{"code":22,"dataId":6,"value1":1,"value2":0}],"hitType":0,"iconIndex":72,"itypeId":1,"name":"Curative Balm","note":"<whole action>\nmotion item: user\nwait: 10\naction animation: targets\nwait for animation\naction effect\nImmortal: targets, false\nwait for animation\n</whole action>\n\n<target action>\n</target action>","occasion":0,"price":0,"repeats":1,"scope":7,"speed":0,"successRate":100,"tpGain":0},
{"id":62,"animationId":41,"consumable":true,"damage":{"critical":false,"elementId":0,"formula":"0","type":0,"variance":20},"description":"Single ally. Restores 1,000 HP.\nWakes the sleeping.","effects":[{"code":11,"dataId":0,"value1":0,"value2":1000},{"code":22,"dataId":11,"value1":1,"value2":0}],"hitType":0,"iconIndex":72,"itypeId":1,"name":"Rousing Balm","note":"<whole action>\nmotion item: user\nwait: 10\naction animation: targets\nwait for animation\naction effect\nImmortal: targets, false\nwait for animation\n</whole action>\n\n<target action>\n</target action>","occasion":0,"price":0,"repeats":1,"scope":7,"speed":0,"successRate":100,"tpGain":0},
{"id":63,"animationId":41,"consumable":true,"damage":{"critical":false,"elementId":0,"formula":"0","type":0,"variance":20},"description":"Single ally. Restores 1,000 HP.\nClears confusion.","effects":[{"code":11,"dataId":0,"value1":0,"value2":1000},{"code":22,"dataId":12,"value1":1,"value2":0}],"hitType":0,"iconIndex":72,"itypeId":1,"name":"Lucid Balm","note":"<whole action>\nmotion item: user\nwait: 10\naction animation: targets\nwait for animation\naction effect\nImmortal: targets, false\nwait for animation\n</whole action>\n\n<target action>\n</target action>","occasion":0,"price":0,"repeats":1,"scope":7,"speed":0,"successRate":100,"tpGain":0},
{"id":64,"animationId":41,"consumable":true,"damage":{"critical":false,"elementId":0,"formula":"0","type":0,"variance":20},"description":"Single ally. Restores 2,000 HP.","effects":[{"code":11,"dataId":0,"value1":0,"value2":2000}],"hitType":0,"iconIndex":72,"itypeId":1,"name":"Healing Balm","note":"<whole action>\nmotion item: user\nwait: 10\naction animation: targets\nwait for animation\naction effect\nImmortal: targets, false\nwait for animation\n</whole action>\n\n<target action>\n</target action>","occasion":0,"price":0,"repeats":1,"scope":7,"speed":0,"successRate":100,"tpGain":0},
{"id":65,"animationId":41,"consumable":true,"damage":{"critical":false,"elementId":0,"formula":"0","type":0,"variance":20},"description":"Single ally. Restores 90 MP.","effects":[{"code":12,"dataId":0,"value1":0,"value2":90}],"hitType":0,"iconIndex":72,"itypeId":1,"name":"Inspiriting Balm","note":"<whole action>\nmotion item: user\nwait: 10\naction animation: targets\nwait for animation\naction effect\nImmortal: targets, false\nwait for animation\n</whole action>\n\n<target action>\n</target action>","occasion":0,"price":0,"repeats":1,"scope":7,"speed":0,"successRate":100,"tpGain":0},
{"id":66,"animationId":41,"consumable":true,"damage":{"critical":false,"elementId":0,"formula":"0","type":0,"variance":20},"description":"Single ally. Restores 3 BP.","effects":[],"hitType":0,"iconIndex":72,"itypeId":1,"name":"Boosting Balm","note":"<Target BP: +3>\n<Before Eval>\nvar bp = 3;\ntarget.result().mpDamage = bp;\ntarget.startDamagePopup();\ntarget.clearResult();\n</Before Eval>\n\n<whole action>\nmotion item: user\nwait: 10\naction animation: targets\nwait for animation\naction effect\nImmortal: targets, false\nwait for animation\n</whole action>\n\n<target action>\n</target action>","occasion":0,"price":0,"repeats":1,"scope":7,"speed":0,"successRate":100,"tpGain":0},
{"id":67,"animationId":41,"consumable":true,"damage":{"critical":false,"elementId":0,"formula":"0","type":0,"variance":20},"description":"Single ally. Restores 1,000 HP.\nRevive from K.O.","effects":[{"code":11,"dataId":0,"value1":0,"value2":1000},{"code":22,"dataId":1,"value1":1,"value2":0}],"hitType":0,"iconIndex":72,"itypeId":1,"name":"Reviving Balm","note":"<whole action>\nmotion item: user\nwait: 10\naction animation: targets\nwait for animation\naction effect\nImmortal: targets, false\nwait for animation\n</whole action>\n\n<target action>\n</target action>","occasion":0,"price":0,"repeats":1,"scope":9,"speed":0,"successRate":100,"tpGain":0},
{"id":68,"animationId":41,"consumable":true,"damage":{"critical":false,"elementId":0,"formula":"0","type":0,"variance":20},"description":"Single ally. Restores 1,000 HP.\nUser acts earlier next turn.","effects":[{"code":11,"dataId":0,"value1":0,"value2":1000}],"hitType":0,"iconIndex":72,"itypeId":1,"name":"Curious Balm","note":"<whole action>\nmotion item: user\nwait: 10\naction animation: targets\nwait for animation\naction effect\nImmortal: targets, false\nwait for animation\n</whole action>\n\n<target action>\n</target action>","occasion":0,"price":0,"repeats":1,"scope":7,"speed":1000,"successRate":100,"tpGain":0},
{"id":69,"animationId":41,"consumable":true,"damage":{"critical":false,"elementId":0,"formula":"0","type":0,"variance":20},"description":"All allies. Restores 800 HP.\nCures poisoning.","effects":[{"code":11,"dataId":0,"value1":0,"value2":800},{"code":22,"dataId":6,"value1":1,"value2":0}],"hitType":0,"iconIndex":72,"itypeId":1,"name":"Curative Mist","note":"<whole action>\nmotion item: user\nwait: 10\naction animation: targets\nwait for animation\naction effect\nImmortal: targets, false\nwait for animation\n</whole action>\n\n<target action>\n</target action>","occasion":0,"price":0,"repeats":1,"scope":8,"speed":0,"successRate":100,"tpGain":0},
{"id":70,"animationId":41,"consumable":true,"damage":{"critical":false,"elementId":0,"formula":"0","type":0,"variance":20},"description":"All allies. Restores 800 HP.\nWakes the sleeping.","effects":[{"code":11,"dataId":0,"value1":0,"value2":800},{"code":22,"dataId":11,"value1":1,"value2":0}],"hitType":0,"iconIndex":72,"itypeId":1,"name":"Rousing Mist","note":"<whole action>\nmotion item: user\nwait: 10\naction animation: targets\nwait for animation\naction effect\nImmortal: targets, false\nwait for animation\n</whole action>\n\n<target action>\n</target action>","occasion":0,"price":0,"repeats":1,"scope":8,"speed":0,"successRate":100,"tpGain":0},
{"id":71,"animationId":41,"consumable":true,"damage":{"critical":false,"elementId":0,"formula":"0","type":0,"variance":20},"description":"All allies. Restores 800 HP.\nClears confusion.","effects":[{"code":11,"dataId":0,"value1":0,"value2":800},{"code":22,"dataId":12,"value1":1,"value2":0}],"hitType":0,"iconIndex":72,"itypeId":1,"name":"Lucid Mist","note":"<whole action>\nmotion item: user\nwait: 10\naction animation: targets\nwait for animation\naction effect\nImmortal: targets, false\nwait for animation\n</whole action>\n\n<target action>\n</target action>","occasion":0,"price":0,"repeats":1,"scope":8,"speed":0,"successRate":100,"tpGain":0},
{"id":72,"animationId":41,"consumable":true,"damage":{"critical":false,"elementId":0,"formula":"0","type":0,"variance":20},"description":"All allies. Restores 1,500 HP.","effects":[{"code":11,"dataId":0,"value1":0,"value2":1500}],"hitType":0,"iconIndex":72,"itypeId":1,"name":"Healing Mist","note":"<whole action>\nmotion item: user\nwait: 10\naction animation: targets\nwait for animation\naction effect\nImmortal: targets, false\nwait for animation\n</whole action>\n\n<target action>\n</target action>","occasion":0,"price":0,"repeats":1,"scope":8,"speed":0,"successRate":100,"tpGain":0},
{"id":73,"animationId":41,"consumable":true,"damage":{"critical":false,"elementId":0,"formula":"0","type":0,"variance":20},"description":"All allies. Restores 50 MP.","effects":[{"code":12,"dataId":0,"value1":0,"value2":50}],"hitType":0,"iconIndex":72,"itypeId":1,"name":"Inspiriting Mist","note":"<whole action>\nmotion item: user\nwait: 10\naction animation: targets\nwait for animation\naction effect\nImmortal: targets, false\nwait for animation\n</whole action>\n\n<target action>\n</target action>","occasion":0,"price":0,"repeats":1,"scope":8,"speed":0,"successRate":100,"tpGain":0},
{"id":74,"animationId":41,"consumable":true,"damage":{"critical":false,"elementId":0,"formula":"0","type":0,"variance":20},"description":"All allies. Restores 1 BP.","effects":[],"hitType":0,"iconIndex":72,"itypeId":1,"name":"Boosting Mist","note":"<Target BP: +1>\n<Before Eval>\nvar bp = 1;\ntarget.result().mpDamage = bp;\ntarget.startDamagePopup();\ntarget.clearResult();\n</Before Eval>\n\n<whole action>\nmotion item: user\nwait: 10\naction animation: targets\nwait for animation\naction effect\nImmortal: targets, false\nwait for animation\n</whole action>\n\n<target action>\n</target action>","occasion":0,"price":0,"repeats":1,"scope":8,"speed":0,"successRate":100,"tpGain":0},
{"id":75,"animationId":41,"consumable":true,"damage":{"critical":false,"elementId":0,"formula":"0","type":0,"variance":20},"description":"All allies. Restores 800 HP.\nRevive from K.O.","effects":[{"code":11,"dataId":0,"value1":0,"value2":800},{"code":22,"dataId":1,"value1":1,"value2":0}],"hitType":0,"iconIndex":72,"itypeId":1,"name":"Reviving Mist","note":"<whole action>\nmotion item: user\nwait: 10\naction animation: targets\nwait for animation\naction effect\nImmortal: targets, false\nwait for animation\n</whole action>\n\n<target action>\n</target action>","occasion":0,"price":0,"repeats":1,"scope":10,"speed":0,"successRate":100,"tpGain":0},
{"id":76,"animationId":41,"consumable":true,"damage":{"critical":false,"elementId":0,"formula":"0","type":0,"variance":20},"description":"All allies. Restores 800 HP.\nStatus immunity for 2 turns.","effects":[{"code":11,"dataId":0,"value1":0,"value2":800},{"code":21,"dataId":27,"value1":1,"value2":0}],"hitType":0,"iconIndex":72,"itypeId":1,"name":"Curious Mist","note":"<whole action>\nmotion item: user\nwait: 10\naction animation: targets\nwait for animation\naction effect\nImmortal: targets, false\nwait for animation\n</whole action>\n\n<target action>\n</target action>","occasion":0,"price":0,"repeats":1,"scope":8,"speed":1000,"successRate":100,"tpGain":0},
{"id":77,"animationId":41,"consumable":true,"damage":{"critical":false,"elementId":0,"formula":"0","type":0,"variance":20},"description":"Single ally. Restores 3,000 HP.\nCures poisoning.","effects":[{"code":11,"dataId":0,"value1":0,"value2":3000},{"code":22,"dataId":6,"value1":1,"value2":0}],"hitType":0,"iconIndex":72,"itypeId":1,"name":"Curative Balm+","note":"<whole action>\nmotion item: user\nwait: 10\naction animation: targets\nwait for animation\naction effect\nImmortal: targets, false\nwait for animation\n</whole action>\n\n<target action>\n</target action>","occasion":0,"price":0,"repeats":1,"scope":7,"speed":0,"successRate":100,"tpGain":0},
{"id":78,"animationId":41,"consumable":true,"damage":{"critical":false,"elementId":0,"formula":"0","type":0,"variance":20},"description":"Single ally. Restores 3,000 HP.\nWakes the sleeping.","effects":[{"code":11,"dataId":0,"value1":0,"value2":3000},{"code":22,"dataId":11,"value1":1,"value2":0}],"hitType":0,"iconIndex":72,"itypeId":1,"name":"Rousing Balm+","note":"<whole action>\nmotion item: user\nwait: 10\naction animation: targets\nwait for animation\naction effect\nImmortal: targets, false\nwait for animation\n</whole action>\n\n<target action>\n</target action>","occasion":0,"price":0,"repeats":1,"scope":7,"speed":0,"successRate":100,"tpGain":0},
{"id":79,"animationId":41,"consumable":true,"damage":{"critical":false,"elementId":0,"formula":"0","type":0,"variance":20},"description":"Single ally. Restores 3,000 HP.\nClears confusion.","effects":[{"code":11,"dataId":0,"value1":0,"value2":3000},{"code":22,"dataId":12,"value1":1,"value2":0}],"hitType":0,"iconIndex":72,"itypeId":1,"name":"Lucid Balm+","note":"<whole action>\nmotion item: user\nwait: 10\naction animation: targets\nwait for animation\naction effect\nImmortal: targets, false\nwait for animation\n</whole action>\n\n<target action>\n</target action>","occasion":0,"price":0,"repeats":1,"scope":7,"speed":0,"successRate":100,"tpGain":0},
{"id":80,"animationId":41,"consumable":true,"damage":{"critical":false,"elementId":0,"formula":"0","type":0,"variance":20},"description":"Single ally. Restores 9,999 HP.","effects":[{"code":11,"dataId":0,"value1":0,"value2":9999}],"hitType":0,"iconIndex":72,"itypeId":1,"name":"Healing Balm+","note":"<whole action>\nmotion item: user\nwait: 10\naction animation: targets\nwait for animation\naction effect\nImmortal: targets, false\nwait for animation\n</whole action>\n\n<target action>\n</target action>","occasion":0,"price":0,"repeats":1,"scope":7,"speed":0,"successRate":100,"tpGain":0},
{"id":81,"animationId":41,"consumable":true,"damage":{"critical":false,"elementId":0,"formula":"0","type":0,"variance":20},"description":"Single ally. Restores 200 MP.","effects":[{"code":12,"dataId":0,"value1":0,"value2":200}],"hitType":0,"iconIndex":72,"itypeId":1,"name":"Inspiriting Balm+","note":"<whole action>\nmotion item: user\nwait: 10\naction animation: targets\nwait for animation\naction effect\nImmortal: targets, false\nwait for animation\n</whole action>\n\n<target action>\n</target action>","occasion":0,"price":0,"repeats":1,"scope":7,"speed":0,"successRate":100,"tpGain":0},
{"id":82,"animationId":41,"consumable":true,"damage":{"critical":false,"elementId":0,"formula":"0","type":0,"variance":20},"description":"Single ally. Restores 5 BP.","effects":[],"hitType":0,"iconIndex":72,"itypeId":1,"name":"Boosting Balm+","note":"<Target BP: +5>\n<Before Eval>\nvar bp = 5;\ntarget.result().mpDamage = bp;\ntarget.startDamagePopup();\ntarget.clearResult();\n</Before Eval>\n\n<whole action>\nmotion item: user\nwait: 10\naction animation: targets\nwait for animation\naction effect\nImmortal: targets, false\nwait for animation\n</whole action>\n\n<target action>\n</target action>","occasion":0,"price":0,"repeats":1,"scope":7,"speed":0,"successRate":100,"tpGain":0},
{"id":83,"animationId":41,"consumable":true,"damage":{"critical":false,"elementId":0,"formula":"0","type":0,"variance":20},"description":"Single ally. Restores 9,999 HP.\nRevive from K.O.","effects":[{"code":11,"dataId":0,"value1":0,"value2":9999},{"code":22,"dataId":1,"value1":1,"value2":0}],"hitType":0,"iconIndex":72,"itypeId":1,"name":"Reviving Balm+","note":"<whole action>\nmotion item: user\nwait: 10\naction animation: targets\nwait for animation\naction effect\nImmortal: targets, false\nwait for animation\n</whole action>\n\n<target action>\n</target action>","occasion":0,"price":0,"repeats":1,"scope":9,"speed":0,"successRate":100,"tpGain":0},
{"id":84,"animationId":41,"consumable":true,"damage":{"critical":false,"elementId":0,"formula":"0","type":0,"variance":20},"description":"Single ally. Restores 3,000 HP.\nUser acts earlier next turn.","effects":[{"code":11,"dataId":0,"value1":0,"value2":3000}],"hitType":0,"iconIndex":72,"itypeId":1,"name":"Curious Balm+","note":"<whole action>\nmotion item: user\nwait: 10\naction animation: targets\nwait for animation\naction effect\nImmortal: targets, false\nwait for animation\n</whole action>\n\n<target action>\n</target action>","occasion":0,"price":0,"repeats":1,"scope":7,"speed":1000,"successRate":100,"tpGain":0},
{"id":85,"animationId":41,"consumable":true,"damage":{"critical":false,"elementId":0,"formula":"0","type":0,"variance":20},"description":"All allies. Restores 1,600 HP.\nCures poisoning.","effects":[{"code":11,"dataId":0,"value1":0,"value2":1600},{"code":22,"dataId":6,"value1":1,"value2":0}],"hitType":0,"iconIndex":72,"itypeId":1,"name":"Curative Mist+","note":"<whole action>\nmotion item: user\nwait: 10\naction animation: targets\nwait for animation\naction effect\nImmortal: targets, false\nwait for animation\n</whole action>\n\n<target action>\n</target action>","occasion":0,"price":0,"repeats":1,"scope":8,"speed":0,"successRate":100,"tpGain":0},
{"id":86,"animationId":41,"consumable":true,"damage":{"critical":false,"elementId":0,"formula":"0","type":0,"variance":20},"description":"All allies. Restores 1,600 HP.\nWakes the sleeping.","effects":[{"code":11,"dataId":0,"value1":0,"value2":1600},{"code":22,"dataId":11,"value1":1,"value2":0}],"hitType":0,"iconIndex":72,"itypeId":1,"name":"Rousing Mist+","note":"<whole action>\nmotion item: user\nwait: 10\naction animation: targets\nwait for animation\naction effect\nImmortal: targets, false\nwait for animation\n</whole action>\n\n<target action>\n</target action>","occasion":0,"price":0,"repeats":1,"scope":8,"speed":0,"successRate":100,"tpGain":0},
{"id":87,"animationId":41,"consumable":true,"damage":{"critical":false,"elementId":0,"formula":"0","type":0,"variance":20},"description":"All allies. Restores 1,600 HP.\nClears confusion.","effects":[{"code":11,"dataId":0,"value1":0,"value2":1600},{"code":22,"dataId":12,"value1":1,"value2":0}],"hitType":0,"iconIndex":72,"itypeId":1,"name":"Lucid Mist+","note":"<whole action>\nmotion item: user\nwait: 10\naction animation: targets\nwait for animation\naction effect\nImmortal: targets, false\nwait for animation\n</whole action>\n\n<target action>\n</target action>","occasion":0,"price":0,"repeats":1,"scope":8,"speed":0,"successRate":100,"tpGain":0},
{"id":88,"animationId":41,"consumable":true,"damage":{"critical":false,"elementId":0,"formula":"0","type":0,"variance":20},"description":"All allies. Restores 3,000 HP.","effects":[{"code":11,"dataId":0,"value1":0,"value2":3000}],"hitType":0,"iconIndex":72,"itypeId":1,"name":"Healing Mist+","note":"<whole action>\nmotion item: user\nwait: 10\naction animation: targets\nwait for animation\naction effect\nImmortal: targets, false\nwait for animation\n</whole action>\n\n<target action>\n</target action>","occasion":0,"price":0,"repeats":1,"scope":8,"speed":0,"successRate":100,"tpGain":0},
{"id":89,"animationId":41,"consumable":true,"damage":{"critical":false,"elementId":0,"formula":"0","type":0,"variance":20},"description":"All allies. Restores 100 MP.","effects":[{"code":12,"dataId":0,"value1":0,"value2":100}],"hitType":0,"iconIndex":72,"itypeId":1,"name":"Inspiriting Mist+","note":"<whole action>\nmotion item: user\nwait: 10\naction animation: targets\nwait for animation\naction effect\nImmortal: targets, false\nwait for animation\n</whole action>\n\n<target action>\n</target action>","occasion":0,"price":0,"repeats":1,"scope":8,"speed":0,"successRate":100,"tpGain":0},
{"id":90,"animationId":41,"consumable":true,"damage":{"critical":false,"elementId":0,"formula":"0","type":0,"variance":20},"description":"All allies. Restores 2 BP.","effects":[],"hitType":0,"iconIndex":72,"itypeId":1,"name":"Boosting Mist+","note":"<Target BP: +2>\n<Before Eval>\nvar bp = 2;\ntarget.result().mpDamage = bp;\ntarget.startDamagePopup();\ntarget.clearResult();\n</Before Eval>\n\n<whole action>\nmotion item: user\nwait: 10\naction animation: targets\nwait for animation\naction effect\nImmortal: targets, false\nwait for animation\n</whole action>\n\n<target action>\n</target action>","occasion":0,"price":0,"repeats":1,"scope":8,"speed":0,"successRate":100,"tpGain":0},
{"id":91,"animationId":41,"consumable":true,"damage":{"critical":false,"elementId":0,"formula":"0","type":0,"variance":20},"description":"All allies. Restores 3,000 HP.\nRevive from K.O.","effects":[{"code":11,"dataId":0,"value1":0,"value2":3000},{"code":22,"dataId":1,"value1":1,"value2":0}],"hitType":0,"iconIndex":72,"itypeId":1,"name":"Reviving Mist+","note":"<whole action>\nmotion item: user\nwait: 10\naction animation: targets\nwait for animation\naction effect\nImmortal: targets, false\nwait for animation\n</whole action>\n\n<target action>\n</target action>","occasion":0,"price":0,"repeats":1,"scope":10,"speed":0,"successRate":100,"tpGain":0},
{"id":92,"animationId":41,"consumable":true,"damage":{"critical":false,"elementId":0,"formula":"0","type":0,"variance":20},"description":"All allies. Restores 1,600 HP.\nHP Regen for 2 turns.","effects":[{"code":11,"dataId":0,"value1":0,"value2":1600},{"code":21,"dataId":35,"value1":1,"value2":0}],"hitType":0,"iconIndex":72,"itypeId":1,"name":"Curious Mist+","note":"<whole action>\nmotion item: user\nwait: 10\naction animation: targets\nwait for animation\naction effect\nImmortal: targets, false\nwait for animation\n</whole action>\n\n<target action>\n</target action>","occasion":0,"price":0,"repeats":1,"scope":8,"speed":1000,"successRate":100,"tpGain":0},
{"id":93,"animationId":66,"consumable":true,"damage":{"critical":false,"elementId":7,"formula":"a.mat","type":1,"variance":20},"description":"Single foe. Fire damage ×2.\nPoisons target.","effects":[{"code":21,"dataId":6,"value1":1,"value2":0}],"hitType":0,"iconIndex":64,"itypeId":1,"name":"Fiery Powder","note":"<whole action>\nmotion spell: user\nwait: 10\nanimation 66: targets\nwait: 20\naction effect\nanimation 67: targets\nwait: 20\naction effect\nImmortal: targets, false\nwait for animation\n</whole action>\n\n<target action>\n</target action>","occasion":0,"price":0,"repeats":1,"scope":1,"speed":0,"successRate":100,"tpGain":0},
{"id":94,"animationId":71,"consumable":true,"damage":{"critical":false,"elementId":8,"formula":"a.mat","type":1,"variance":20},"description":"Single foe. Ice damage ×2.\nPuts target to sleep.","effects":[{"code":21,"dataId":11,"value1":1,"value2":0}],"hitType":0,"iconIndex":65,"itypeId":1,"name":"Chilling Powder","note":"<whole action>\nmotion spell: user\nwait: 10\nanimation 71: targets\nwait: 20\naction effect\nanimation 72: targets\nwait: 20\naction effect\nImmortal: targets, false\nwait for animation\n</whole action>\n\n<target action>\n</target action>","occasion":0,"price":0,"repeats":1,"scope":1,"speed":0,"successRate":100,"tpGain":0},
{"id":95,"animationId":96,"consumable":true,"damage":{"critical":false,"elementId":11,"formula":"a.mat","type":1,"variance":20},"description":"Single foe. Light damage ×2.\nConfuses target.","effects":[{"code":21,"dataId":12,"value1":1,"value2":0}],"hitType":0,"iconIndex":70,"itypeId":1,"name":"Glimmering Powder","note":"<whole action>\nmotion spell: user\nwait: 10\nanimation 96: targets\nwait: 20\naction effect\nanimation 97: targets\nwait: 20\naction effect\nImmortal: targets, false\nwait for animation\n</whole action>\n\n<target action>\n</target action>","occasion":0,"price":0,"repeats":1,"scope":1,"speed":0,"successRate":100,"tpGain":0},
{"id":96,"animationId":91,"consumable":true,"damage":{"critical":false,"elementId":10,"formula":"a.mat","type":1,"variance":20},"description":"Single foe. Wind damage ×2.\nLowers target's DEF.","effects":[{"code":32,"dataId":3,"value1":2,"value2":0}],"hitType":0,"iconIndex":69,"itypeId":1,"name":"Blustery Powder","note":"<whole action>\nmotion spell: user\nwait: 10\nanimation 91: targets\nwait: 20\naction effect\nanimation 92: targets\nwait: 20\naction effect\nImmortal: targets, false\nwait for animation\n</whole action>\n\n<target action>\n</target action>","occasion":0,"price":0,"repeats":1,"scope":1,"speed":0,"successRate":100,"tpGain":0},
{"id":97,"animationId":76,"consumable":true,"damage":{"critical":false,"elementId":9,"formula":"a.mat","type":1,"variance":20},"description":"Single foe. Lightning damage ×2.\nLowers target's MDF.","effects":[{"code":32,"dataId":5,"value1":2,"value2":0}],"hitType":0,"iconIndex":66,"itypeId":1,"name":"Tingling Powder","note":"<whole action>\nmotion spell: user\nwait: 10\nanimation 76: targets\nwait: 20\naction effect\nanimation 77: targets\nwait: 20\naction effect\nImmortal: targets, false\nwait for animation\n</whole action>\n\n<target action>\n</target action>","occasion":0,"price":0,"repeats":1,"scope":1,"speed":0,"successRate":100,"tpGain":0},
{"id":98,"animationId":101,"consumable":true,"damage":{"critical":false,"elementId":12,"formula":"a.mat","type":1,"variance":20},"description":"Single foe. Lightning damage ×2.\nSlows target.","effects":[{"code":21,"dataId":13,"value1":1,"value2":0}],"hitType":0,"iconIndex":71,"itypeId":1,"name":"Shadow Powder","note":"<OTB Target Next Turn: -100>\n\n<whole action>\nmotion spell: user\nwait: 10\nanimation 101: targets\nwait: 20\naction effect\nanimation 102: targets\nwait: 20\naction effect\nImmortal: targets, false\nwait for animation\n</whole action>\n\n<target action>\n</target action>","occasion":0,"price":0,"repeats":1,"scope":1,"speed":0,"successRate":100,"tpGain":0},
{"id":99,"animationId":91,"consumable":true,"damage":{"critical":false,"elementId":10,"formula":"a.mat","type":1,"variance":20},"description":"Single foe. Wind damage ×2.\nLowers target's MAT.","effects":[{"code":32,"dataId":4,"value1":2,"value2":0}],"hitType":0,"iconIndex":69,"itypeId":1,"name":"Blustery Bloom","note":"<whole action>\nmotion spell: user\nwait: 10\nanimation 91: targets\nwait: 20\naction effect\nanimation 92: targets\nwait: 20\naction effect\nImmortal: targets, false\nwait for animation\n</whole action>\n\n<target action>\n</target action>","occasion":0,"price":0,"repeats":1,"scope":1,"speed":0,"successRate":100,"tpGain":0},
{"id":100,"animationId":66,"consumable":true,"damage":{"critical":false,"elementId":7,"formula":"a.mat","type":1,"variance":20},"description":"Single foe. Fire damage ×3.","effects":[],"hitType":0,"iconIndex":64,"itypeId":1,"name":"Curious Bloom","note":"<whole action>\nmotion spell: user\nwait: 10\nanimation 66: targets\nwait: 20\naction effect\nanimation 67: targets\nwait: 20\naction effect\nanimation 107: targets\nwait: 20\naction effect\nImmortal: targets, false\nwait for animation\n</whole action>\n\n<target action>\n</target action>","occasion":0,"price":0,"repeats":1,"scope":1,"speed":0,"successRate":100,"tpGain":0},
{"id":101,"animationId":66,"consumable":true,"damage":{"critical":false,"elementId":7,"formula":"a.mat","type":1,"variance":20},"description":"Single foe. Fire damage ×1.\nPoisons targets.","effects":[{"code":21,"dataId":6,"value1":1,"value2":0}],"hitType":0,"iconIndex":64,"itypeId":1,"name":"Fiery Plume","note":"<whole action>\nmotion spell: user\nwait: 10\nanimation 66: targets\nwait: 20\naction effect\nImmortal: targets, false\nwait for animation\n</whole action>\n\n<target action>\n</target action>","occasion":0,"price":0,"repeats":1,"scope":2,"speed":0,"successRate":100,"tpGain":0},
{"id":102,"animationId":71,"consumable":true,"damage":{"critical":false,"elementId":8,"formula":"a.mat","type":1,"variance":20},"description":"Single foe. Ice damage ×1.\nPuts targets to sleep.","effects":[{"code":21,"dataId":11,"value1":1,"value2":0}],"hitType":0,"iconIndex":65,"itypeId":1,"name":"Chilling Plume","note":"<whole action>\nmotion spell: user\nwait: 10\nanimation 71: targets\nwait: 20\naction effect\nImmortal: targets, false\nwait for animation\n</whole action>\n\n<target action>\n</target action>","occasion":0,"price":0,"repeats":1,"scope":2,"speed":0,"successRate":100,"tpGain":0},
{"id":103,"animationId":96,"consumable":true,"damage":{"critical":false,"elementId":11,"formula":"a.mat","type":1,"variance":20},"description":"Single foe. Light damage ×1.\nConfuses targets.","effects":[{"code":21,"dataId":12,"value1":1,"value2":0}],"hitType":0,"iconIndex":70,"itypeId":1,"name":"Glimmering Plume","note":"<whole action>\nmotion spell: user\nwait: 10\nanimation 96: targets\nwait: 20\naction effect\nImmortal: targets, false\nwait for animation\n</whole action>\n\n<target action>\n</target action>","occasion":0,"price":0,"repeats":1,"scope":2,"speed":0,"successRate":100,"tpGain":0},
{"id":104,"animationId":91,"consumable":true,"damage":{"critical":false,"elementId":10,"formula":"a.mat","type":1,"variance":20},"description":"Single foe. Wind damage ×1.\nLowers targets' DEF.","effects":[{"code":32,"dataId":3,"value1":2,"value2":0}],"hitType":0,"iconIndex":69,"itypeId":1,"name":"Blustery Plume","note":"<whole action>\nmotion spell: user\nwait: 10\nanimation 91: targets\nwait: 20\naction effect\nImmortal: targets, false\nwait for animation\n</whole action>\n\n<target action>\n</target action>","occasion":0,"price":0,"repeats":1,"scope":2,"speed":0,"successRate":100,"tpGain":0},
{"id":105,"animationId":76,"consumable":true,"damage":{"critical":false,"elementId":9,"formula":"a.mat","type":1,"variance":20},"description":"Single foe. Lightning damage ×1.\nLowers targets' MDF.","effects":[{"code":32,"dataId":5,"value1":2,"value2":0}],"hitType":0,"iconIndex":66,"itypeId":1,"name":"Tingling Plume","note":"<whole action>\nmotion spell: user\nwait: 10\nanimation 76: targets\nwait: 20\naction effect\nImmortal: targets, false\nwait for animation\n</whole action>\n\n<target action>\n</target action>","occasion":0,"price":0,"repeats":1,"scope":2,"speed":0,"successRate":100,"tpGain":0},
{"id":106,"animationId":101,"consumable":true,"damage":{"critical":false,"elementId":12,"formula":"a.mat","type":1,"variance":20},"description":"Single foe. Lightning damage ×1.\nSlows targets.","effects":[{"code":21,"dataId":13,"value1":1,"value2":0}],"hitType":0,"iconIndex":71,"itypeId":1,"name":"Shadow Plume","note":"<OTB Target Next Turn: -100>\n\n<whole action>\nmotion spell: user\nwait: 10\nanimation 101: targets\nwait: 20\naction effect\nImmortal: targets, false\nwait for animation\n</whole action>\n\n<target action>\n</target action>","occasion":0,"price":0,"repeats":1,"scope":2,"speed":0,"successRate":100,"tpGain":0},
{"id":107,"animationId":91,"consumable":true,"damage":{"critical":false,"elementId":10,"formula":"a.mat","type":1,"variance":20},"description":"Single foe. Wind damage ×1.\nLowers targets' MAT.","effects":[{"code":32,"dataId":4,"value1":2,"value2":0}],"hitType":0,"iconIndex":69,"itypeId":1,"name":"Blustery Incense","note":"<whole action>\nmotion spell: user\nwait: 10\nanimation 91: targets\nwait: 20\naction effect\nImmortal: targets, false\nwait for animation\n</whole action>\n\n<target action>\n</target action>","occasion":0,"price":0,"repeats":1,"scope":1,"speed":0,"successRate":100,"tpGain":0},
{"id":108,"animationId":71,"consumable":true,"damage":{"critical":false,"elementId":8,"formula":"a.mat","type":1,"variance":20},"description":"Single foe. Ice damage ×1.\nLowers targets' ATK.","effects":[{"code":32,"dataId":2,"value1":2,"value2":0}],"hitType":0,"iconIndex":65,"itypeId":1,"name":"Curious Incense","note":"<whole action>\nmotion spell: user\nwait: 10\nanimation 71: targets\nwait: 20\naction effect\nImmortal: targets, false\nwait for animation\n</whole action>\n\n<target action>\n</target action>","occasion":0,"price":0,"repeats":1,"scope":2,"speed":0,"successRate":100,"tpGain":0},
{"id":109,"animationId":66,"consumable":true,"damage":{"critical":false,"elementId":7,"formula":"a.mat","type":1,"variance":20},"description":"Single foe. Fire damage ×3.\nPoisons target.","effects":[{"code":21,"dataId":6,"value1":1,"value2":0}],"hitType":0,"iconIndex":64,"itypeId":1,"name":"Fiery Powder+","note":"<whole action>\nmotion spell: user\nwait: 10\nanimation 66: targets\nwait: 20\naction effect\nanimation 67: targets\nwait: 20\naction effect\nanimation 66: targets\nwait: 20\naction effect\nImmortal: targets, false\nwait for animation\n</whole action>\n\n<target action>\n</target action>","occasion":0,"price":0,"repeats":1,"scope":1,"speed":0,"successRate":100,"tpGain":0},
{"id":110,"animationId":71,"consumable":true,"damage":{"critical":false,"elementId":8,"formula":"a.mat","type":1,"variance":20},"description":"Single foe. Ice damage ×3.\nPuts target to sleep.","effects":[{"code":21,"dataId":11,"value1":1,"value2":0}],"hitType":0,"iconIndex":65,"itypeId":1,"name":"Chilling Powder+","note":"<whole action>\nmotion spell: user\nwait: 10\nanimation 71: targets\nwait: 20\naction effect\nanimation 72: targets\nwait: 20\naction effect\nanimation 71: targets\nwait: 20\naction effect\nImmortal: targets, false\nwait for animation\n</whole action>\n\n<target action>\n</target action>","occasion":0,"price":0,"repeats":1,"scope":1,"speed":0,"successRate":100,"tpGain":0},
{"id":111,"animationId":96,"consumable":true,"damage":{"critical":false,"elementId":11,"formula":"a.mat","type":1,"variance":20},"description":"Single foe. Light damage ×3.\nConfuses target.","effects":[{"code":21,"dataId":12,"value1":1,"value2":0}],"hitType":0,"iconIndex":70,"itypeId":1,"name":"Glimmering Powder+","note":"<whole action>\nmotion spell: user\nwait: 10\nanimation 96: targets\nwait: 20\naction effect\nanimation 97: targets\nwait: 20\naction effect\nanimation 96: targets\nwait: 20\naction effect\nImmortal: targets, false\nwait for animation\n</whole action>\n\n<target action>\n</target action>","occasion":0,"price":0,"repeats":1,"scope":1,"speed":0,"successRate":100,"tpGain":0},
{"id":112,"animationId":91,"consumable":true,"damage":{"critical":false,"elementId":10,"formula":"a.mat","type":1,"variance":20},"description":"Single foe. Wind damage ×3.\nLowers target's DEF.","effects":[{"code":32,"dataId":3,"value1":2,"value2":0}],"hitType":0,"iconIndex":69,"itypeId":1,"name":"Blustery Powder+","note":"<whole action>\nmotion spell: user\nwait: 10\nanimation 91: targets\nwait: 20\naction effect\nanimation 92: targets\nwait: 20\naction effect\nanimation 91: targets\nwait: 20\naction effect\nImmortal: targets, false\nwait for animation\n</whole action>\n\n<target action>\n</target action>","occasion":0,"price":0,"repeats":1,"scope":1,"speed":0,"successRate":100,"tpGain":0},
{"id":113,"animationId":76,"consumable":true,"damage":{"critical":false,"elementId":9,"formula":"a.mat","type":1,"variance":20},"description":"Single foe. Lightning damage ×3.\nLowers target's MDF.","effects":[{"code":32,"dataId":5,"value1":2,"value2":0}],"hitType":0,"iconIndex":66,"itypeId":1,"name":"Tingling Powder+","note":"<whole action>\nmotion spell: user\nwait: 10\nanimation 76: targets\nwait: 20\naction effect\nanimation 77: targets\nwait: 20\naction effect\nanimation 76: targets\nwait: 20\naction effect\nImmortal: targets, false\nwait for animation\n</whole action>\n\n<target action>\n</target action>","occasion":0,"price":0,"repeats":1,"scope":1,"speed":0,"successRate":100,"tpGain":0},
{"id":114,"animationId":101,"consumable":true,"damage":{"critical":false,"elementId":12,"formula":"a.mat","type":1,"variance":20},"description":"Single foe. Lightning damage ×3.\nSlows target.","effects":[{"code":21,"dataId":13,"value1":1,"value2":0}],"hitType":0,"iconIndex":71,"itypeId":1,"name":"Shadow Powder+","note":"<OTB Target Next Turn: -100>\n\n<whole action>\nmotion spell: user\nwait: 10\nanimation 101: targets\nwait: 20\naction effect\nanimation 102: targets\nwait: 20\naction effect\nanimation 101: targets\nwait: 20\naction effect\nImmortal: targets, false\nwait for animation\n</whole action>\n\n<target action>\n</target action>","occasion":0,"price":0,"repeats":1,"scope":1,"speed":0,"successRate":100,"tpGain":0},
{"id":115,"animationId":91,"consumable":true,"damage":{"critical":false,"elementId":10,"formula":"a.mat","type":1,"variance":20},"description":"Single foe. Wind damage ×3.\nLowers target's MAT.","effects":[{"code":32,"dataId":4,"value1":2,"value2":0}],"hitType":0,"iconIndex":69,"itypeId":1,"name":"Blustery Bloom+","note":"<whole action>\nmotion spell: user\nwait: 10\nanimation 91: targets\nwait: 20\naction effect\nanimation 92: targets\nwait: 20\naction effect\nanimation 91: targets\nwait: 20\naction effect\nImmortal: targets, false\nwait for animation\n</whole action>\n\n<target action>\n</target action>","occasion":0,"price":0,"repeats":1,"scope":1,"speed":0,"successRate":100,"tpGain":0},
{"id":116,"animationId":76,"consumable":true,"damage":{"critical":false,"elementId":7,"formula":"a.mat","type":1,"variance":20},"description":"Single foe. Lightning damage ×4.","effects":[],"hitType":0,"iconIndex":66,"itypeId":1,"name":"Curious Bloom+","note":"<whole action>\nmotion spell: user\nwait: 10\nanimation 76: targets\nwait: 20\naction effect\nanimation 77: targets\nwait: 20\naction effect\nanimation 76: targets\nwait: 20\naction effect\nanimation 77: targets\nwait: 20\naction effect\nImmortal: targets, false\nwait for animation\n</whole action>\n\n<target action>\n</target action>","occasion":0,"price":0,"repeats":1,"scope":1,"speed":0,"successRate":100,"tpGain":0},
{"id":117,"animationId":66,"consumable":true,"damage":{"critical":false,"elementId":7,"formula":"a.mat","type":1,"variance":20},"description":"Single foe. Fire damage ×2.\nPoisons targets.","effects":[{"code":21,"dataId":6,"value1":1,"value2":0}],"hitType":0,"iconIndex":64,"itypeId":1,"name":"Fiery Plume+","note":"<whole action>\nmotion spell: user\nwait: 10\nanimation 66: targets\nwait: 20\naction effect\nanimation 67: targets\nwait: 20\naction effect\nImmortal: targets, false\nwait for animation\n</whole action>\n\n<target action>\n</target action>","occasion":0,"price":0,"repeats":1,"scope":2,"speed":0,"successRate":100,"tpGain":0},
{"id":118,"animationId":71,"consumable":true,"damage":{"critical":false,"elementId":8,"formula":"a.mat","type":1,"variance":20},"description":"Single foe. Ice damage ×2.\nPuts targets to sleep.","effects":[{"code":21,"dataId":11,"value1":1,"value2":0}],"hitType":0,"iconIndex":65,"itypeId":1,"name":"Chilling Plume+","note":"<whole action>\nmotion spell: user\nwait: 10\nanimation 71: targets\nwait: 20\naction effect\nanimation 72: targets\nwait: 20\naction effect\nImmortal: targets, false\nwait for animation\n</whole action>\n\n<target action>\n</target action>","occasion":0,"price":0,"repeats":1,"scope":2,"speed":0,"successRate":100,"tpGain":0},
{"id":119,"animationId":96,"consumable":true,"damage":{"critical":false,"elementId":11,"formula":"a.mat","type":1,"variance":20},"description":"Single foe. Light damage ×2.\nConfuses targets.","effects":[{"code":21,"dataId":12,"value1":1,"value2":0}],"hitType":0,"iconIndex":70,"itypeId":1,"name":"Glimmering Plume+","note":"<whole action>\nmotion spell: user\nwait: 10\nanimation 96: targets\nwait: 20\naction effect\nanimation 97: targets\nwait: 20\naction effect\nImmortal: targets, false\nwait for animation\n</whole action>\n\n<target action>\n</target action>","occasion":0,"price":0,"repeats":1,"scope":2,"speed":0,"successRate":100,"tpGain":0},
{"id":120,"animationId":91,"consumable":true,"damage":{"critical":false,"elementId":10,"formula":"a.mat","type":1,"variance":20},"description":"Single foe. Wind damage ×2.\nLowers targets' DEF.","effects":[{"code":32,"dataId":3,"value1":2,"value2":0}],"hitType":0,"iconIndex":69,"itypeId":1,"name":"Blustery Plume+","note":"<whole action>\nmotion spell: user\nwait: 10\nanimation 91: targets\nwait: 20\naction effect\nanimation 92: targets\nwait: 20\naction effect\nImmortal: targets, false\nwait for animation\n</whole action>\n\n<target action>\n</target action>","occasion":0,"price":0,"repeats":1,"scope":2,"speed":0,"successRate":100,"tpGain":0},
{"id":121,"animationId":76,"consumable":true,"damage":{"critical":false,"elementId":9,"formula":"a.mat","type":1,"variance":20},"description":"Single foe. Lightning damage ×2.\nLowers targets' MDF.","effects":[{"code":32,"dataId":5,"value1":2,"value2":0}],"hitType":0,"iconIndex":66,"itypeId":1,"name":"Tingling Plume+","note":"<whole action>\nmotion spell: user\nwait: 10\nanimation 76: targets\nwait: 20\naction effect\nanimation 77: targets\nwait: 20\naction effect\nImmortal: targets, false\nwait for animation\n</whole action>\n\n<target action>\n</target action>","occasion":0,"price":0,"repeats":1,"scope":2,"speed":0,"successRate":100,"tpGain":0},
{"id":122,"animationId":101,"consumable":true,"damage":{"critical":false,"elementId":12,"formula":"a.mat","type":1,"variance":20},"description":"Single foe. Lightning damage ×2.\nSlows targets.","effects":[{"code":21,"dataId":13,"value1":1,"value2":0}],"hitType":0,"iconIndex":71,"itypeId":1,"name":"Shadow Plume+","note":"<OTB Target Next Turn: -100>\n\n<whole action>\nmotion spell: user\nwait: 10\nanimation 101: targets\nwait: 20\naction effect\nanimation 102: targets\nwait: 20\naction effect\nImmortal: targets, false\nwait for animation\n</whole action>\n\n<target action>\n</target action>","occasion":0,"price":0,"repeats":1,"scope":2,"speed":0,"successRate":100,"tpGain":0},
{"id":123,"animationId":91,"consumable":true,"damage":{"critical":false,"elementId":10,"formula":"a.mat","type":1,"variance":20},"description":"Single foe. Wind damage ×2.\nLowers targets' MAT.","effects":[{"code":32,"dataId":4,"value1":2,"value2":0}],"hitType":0,"iconIndex":69,"itypeId":1,"name":"Blustery Incense+","note":"<whole action>\nmotion spell: user\nwait: 10\nanimation 91: targets\nwait: 20\naction effect\nanimation 92: targets\nwait: 20\naction effect\nImmortal: targets, false\nwait for animation\n</whole action>\n\n<target action>\n</target action>","occasion":0,"price":0,"repeats":1,"scope":1,"speed":0,"successRate":100,"tpGain":0},
{"id":124,"animationId":101,"consumable":true,"damage":{"critical":false,"elementId":12,"formula":"a.mat","type":1,"variance":20},"description":"Single foe. Dark damage ×2.\nPrevents targets from receiving buffs.","effects":[{"code":21,"dataId":33,"value1":1,"value2":0}],"hitType":0,"iconIndex":71,"itypeId":1,"name":"Curious Incense+","note":"<whole action>\nmotion spell: user\nwait: 10\nanimation 101: targets\nwait: 20\naction effect\nanimation 102: targets\nwait: 20\naction effect\nImmortal: targets, false\nwait for animation\n</whole action>\n\n<target action>\n</target action>","occasion":0,"price":0,"repeats":1,"scope":2,"speed":0,"successRate":100,"tpGain":0},
{"id":125,"animationId":0,"consumable":true,"damage":{"critical":false,"elementId":0,"formula":"0","type":0,"variance":20},"description":"","effects":[],"hitType":0,"iconIndex":0,"itypeId":1,"name":"","note":"","occasion":0,"price":0,"repeats":1,"scope":7,"speed":0,"successRate":100,"tpGain":0},
{"id":126,"animationId":0,"consumable":false,"damage":{"critical":false,"elementId":0,"formula":"0","type":0,"variance":20},"description":"Collect these tickets to deliver to \\c[2]Crow\\c[0]to \nprogress to the next floor's.","effects":[],"hitType":0,"iconIndex":193,"itypeId":2,"name":"Floor Ticket","note":"","occasion":0,"price":0,"repeats":1,"scope":7,"speed":0,"successRate":100,"tpGain":0},
{"id":127,"animationId":0,"consumable":true,"damage":{"critical":false,"elementId":0,"formula":"0","type":0,"variance":20},"description":"","effects":[{"code":44,"dataId":7,"value1":1,"value2":0}],"hitType":0,"iconIndex":166,"itypeId":2,"name":"Craft","note":"<recipe_book>\ncategory: 0\t\ni: 1, 3, 4 \t\t\n</recipe_book>","occasion":2,"price":0,"repeats":1,"scope":7,"speed":0,"successRate":100,"tpGain":0},
{"id":128,"animationId":0,"consumable":true,"damage":{"critical":false,"elementId":0,"formula":"0","type":0,"variance":20},"description":"","effects":[],"hitType":0,"iconIndex":0,"itypeId":1,"name":"","note":"","occasion":0,"price":0,"repeats":1,"scope":7,"speed":0,"successRate":100,"tpGain":0},
{"id":129,"animationId":0,"consumable":true,"damage":{"critical":false,"elementId":0,"formula":"0","type":0,"variance":20},"description":"","effects":[],"hitType":0,"iconIndex":0,"itypeId":1,"name":"","note":"","occasion":0,"price":0,"repeats":1,"scope":7,"speed":0,"successRate":100,"tpGain":0},
{"id":130,"animationId":0,"consumable":true,"damage":{"critical":false,"elementId":0,"formula":"0","type":0,"variance":20},"description":"","effects":[],"hitType":0,"iconIndex":0,"itypeId":1,"name":"","note":"","occasion":0,"price":0,"repeats":1,"scope":7,"speed":0,"successRate":100,"tpGain":0}
]