[
null,
{"id":1,"members":[{"enemyId":2,"x":528,"y":208,"hidden":false},{"enemyId":2,"x":432,"y":444,"hidden":false},{"enemyId":2,"x":240,"y":208,"hidden":false},{"enemyId":2,"x":144,"y":444,"hidden":false}],"name":"Level 1 Encounters","pages":[{"conditions":{"actorHp":50,"actorId":1,"actorValid":false,"enemyHp":50,"enemyIndex":0,"enemyValid":false,"switchId":1,"switchValid":false,"turnA":0,"turnB":0,"turnEnding":false,"turnValid":false},"list":[{"code":0,"indent":0,"parameters":[]}],"span":0}]},
{"id":2,"members":[{"enemyId":2,"x":312,"y":361,"hidden":false}],"name":"Slime","pages":[{"conditions":{"actorHp":50,"actorId":1,"actorValid":false,"enemyHp":50,"enemyIndex":0,"enemyValid":false,"switchId":1,"switchValid":false,"turnA":0,"turnB":0,"turnEnding":false,"turnValid":true},"list":[{"code":0,"indent":0,"parameters":[]}],"span":0}]},
{"id":3,"members":[{"enemyId":225,"x":144,"y":444,"hidden":false},{"enemyId":227,"x":240,"y":208,"hidden":false},{"enemyId":226,"x":432,"y":444,"hidden":false},{"enemyId":228,"x":528,"y":208,"hidden":false}],"name":"Dragonbones","pages":[{"conditions":{"actorHp":50,"actorId":1,"actorValid":false,"enemyHp":50,"enemyIndex":0,"enemyValid":false,"switchId":1,"switchValid":false,"turnA":0,"turnB":0,"turnEnding":false,"turnValid":false},"list":[{"code":0,"indent":0,"parameters":[]}],"span":0}]},
{"id":4,"members":[{"enemyId":1,"x":222,"y":397,"hidden":false}],"name":"","pages":[{"conditions":{"actorHp":50,"actorId":1,"actorValid":false,"enemyHp":50,"enemyIndex":0,"enemyValid":false,"switchId":1,"switchValid":false,"turnA":0,"turnB":0,"turnEnding":false,"turnValid":false},"list":[{"code":0,"indent":0,"parameters":[]}],"span":0}]},
{"id":5,"members":[],"name":"","pages":[{"conditions":{"actorHp":50,"actorId":1,"actorValid":false,"enemyHp":50,"enemyIndex":0,"enemyValid":false,"switchId":1,"switchValid":false,"turnA":0,"turnB":0,"turnEnding":false,"turnValid":false},"list":[{"code":0,"indent":0,"parameters":[]}],"span":0}]},
{"id":6,"members":[],"name":"","pages":[{"conditions":{"actorHp":50,"actorId":1,"actorValid":false,"enemyHp":50,"enemyIndex":0,"enemyValid":false,"switchId":1,"switchValid":false,"turnA":0,"turnB":0,"turnEnding":false,"turnValid":false},"list":[{"code":0,"indent":0,"parameters":[]}],"span":0}]},
{"id":7,"members":[],"name":"","pages":[{"conditions":{"actorHp":50,"actorId":1,"actorValid":false,"enemyHp":50,"enemyIndex":0,"enemyValid":false,"switchId":1,"switchValid":false,"turnA":0,"turnB":0,"turnEnding":false,"turnValid":false},"list":[{"code":0,"indent":0,"parameters":[]}],"span":0}]},
{"id":8,"members":[],"name":"","pages":[{"conditions":{"actorHp":50,"actorId":1,"actorValid":false,"enemyHp":50,"enemyIndex":0,"enemyValid":false,"switchId":1,"switchValid":false,"turnA":0,"turnB":0,"turnEnding":false,"turnValid":false},"list":[{"code":0,"indent":0,"parameters":[]}],"span":0}]},
{"id":9,"members":[],"name":"","pages":[{"conditions":{"actorHp":50,"actorId":1,"actorValid":false,"enemyHp":50,"enemyIndex":0,"enemyValid":false,"switchId":1,"switchValid":false,"turnA":0,"turnB":0,"turnEnding":false,"turnValid":false},"list":[{"code":0,"indent":0,"parameters":[]}],"span":0}]},
{"id":10,"members":[],"name":"","pages":[{"conditions":{"actorHp":50,"actorId":1,"actorValid":false,"enemyHp":50,"enemyIndex":0,"enemyValid":false,"switchId":1,"switchValid":false,"turnA":0,"turnB":0,"turnEnding":false,"turnValid":false},"list":[{"code":0,"indent":0,"parameters":[]}],"span":0}]},
{"id":11,"members":[{"enemyId":10,"x":168,"y":226,"hidden":false},{"enemyId":10,"x":123,"y":418,"hidden":false},{"enemyId":10,"x":408,"y":241,"hidden":false},{"enemyId":10,"x":390,"y":427,"hidden":false}],"name":"Level 1 Encounters","pages":[{"conditions":{"actorHp":50,"actorId":1,"actorValid":false,"enemyHp":50,"enemyIndex":0,"enemyValid":false,"switchId":1,"switchValid":false,"turnA":0,"turnB":0,"turnEnding":false,"turnValid":false},"list":[{"code":0,"indent":0,"parameters":[]}],"span":0}]},
{"id":12,"members":[{"enemyId":18,"x":294,"y":349,"hidden":false}],"name":"Level 1 Mini-Boss","pages":[{"conditions":{"actorHp":50,"actorId":1,"actorValid":false,"enemyHp":50,"enemyIndex":0,"enemyValid":false,"switchId":1,"switchValid":false,"turnA":0,"turnB":0,"turnEnding":false,"turnValid":false},"list":[{"code":0,"indent":0,"parameters":[]}],"span":0}]},
{"id":13,"members":[],"name":"","pages":[{"conditions":{"actorHp":50,"actorId":1,"actorValid":false,"enemyHp":50,"enemyIndex":0,"enemyValid":false,"switchId":1,"switchValid":false,"turnA":0,"turnB":0,"turnEnding":false,"turnValid":false},"list":[{"code":0,"indent":0,"parameters":[]}],"span":0}]},
{"id":14,"members":[{"enemyId":20,"x":144,"y":444,"hidden":false},{"enemyId":20,"x":240,"y":208,"hidden":false},{"enemyId":20,"x":432,"y":444,"hidden":false},{"enemyId":20,"x":528,"y":208,"hidden":false}],"name":"Level 5 Encounters","pages":[{"conditions":{"actorHp":50,"actorId":1,"actorValid":false,"enemyHp":50,"enemyIndex":0,"enemyValid":false,"switchId":1,"switchValid":false,"turnA":0,"turnB":0,"turnEnding":false,"turnValid":false},"list":[{"code":0,"indent":0,"parameters":[]}],"span":0}]},
{"id":15,"members":[{"enemyId":28,"x":369,"y":358,"hidden":false}],"name":"Level 5 Boss","pages":[{"conditions":{"actorHp":50,"actorId":1,"actorValid":false,"enemyHp":50,"enemyIndex":0,"enemyValid":false,"switchId":1,"switchValid":false,"turnA":0,"turnB":0,"turnEnding":false,"turnValid":false},"list":[{"code":0,"indent":0,"parameters":[]}],"span":0}]},
{"id":16,"members":[],"name":"","pages":[{"conditions":{"actorHp":50,"actorId":1,"actorValid":false,"enemyHp":50,"enemyIndex":0,"enemyValid":false,"switchId":1,"switchValid":false,"turnA":0,"turnB":0,"turnEnding":false,"turnValid":false},"list":[{"code":0,"indent":0,"parameters":[]}],"span":0}]},
{"id":17,"members":[{"enemyId":30,"x":144,"y":444,"hidden":false},{"enemyId":30,"x":240,"y":208,"hidden":false},{"enemyId":30,"x":432,"y":444,"hidden":false},{"enemyId":30,"x":528,"y":208,"hidden":false}],"name":"Level 10 Encounters","pages":[{"conditions":{"actorHp":50,"actorId":1,"actorValid":false,"enemyHp":50,"enemyIndex":0,"enemyValid":false,"switchId":1,"switchValid":false,"turnA":0,"turnB":0,"turnEnding":false,"turnValid":false},"list":[{"code":0,"indent":0,"parameters":[]}],"span":0}]},
{"id":18,"members":[{"enemyId":38,"x":360,"y":325,"hidden":false}],"name":"Level 10 Boss","pages":[{"conditions":{"actorHp":50,"actorId":1,"actorValid":false,"enemyHp":50,"enemyIndex":0,"enemyValid":false,"switchId":1,"switchValid":false,"turnA":0,"turnB":0,"turnEnding":false,"turnValid":false},"list":[{"code":0,"indent":0,"parameters":[]}],"span":0}]},
{"id":19,"members":[],"name":"","pages":[{"conditions":{"actorHp":50,"actorId":1,"actorValid":false,"enemyHp":50,"enemyIndex":0,"enemyValid":false,"switchId":1,"switchValid":false,"turnA":0,"turnB":0,"turnEnding":false,"turnValid":false},"list":[{"code":0,"indent":0,"parameters":[]}],"span":0}]},
{"id":20,"members":[{"enemyId":40,"x":144,"y":444,"hidden":false},{"enemyId":40,"x":240,"y":208,"hidden":false},{"enemyId":40,"x":432,"y":444,"hidden":false},{"enemyId":40,"x":528,"y":208,"hidden":false}],"name":"Level 15 Encounters","pages":[{"conditions":{"actorHp":50,"actorId":1,"actorValid":false,"enemyHp":50,"enemyIndex":0,"enemyValid":false,"switchId":1,"switchValid":false,"turnA":0,"turnB":0,"turnEnding":false,"turnValid":false},"list":[{"code":0,"indent":0,"parameters":[]}],"span":0}]},
{"id":21,"members":[{"enemyId":48,"x":327,"y":346,"hidden":false}],"name":"Level 15 Boss","pages":[{"conditions":{"actorHp":50,"actorId":1,"actorValid":false,"enemyHp":50,"enemyIndex":0,"enemyValid":false,"switchId":1,"switchValid":false,"turnA":0,"turnB":0,"turnEnding":false,"turnValid":false},"list":[{"code":0,"indent":0,"parameters":[]}],"span":0}]},
{"id":22,"members":[],"name":"","pages":[{"conditions":{"actorHp":50,"actorId":1,"actorValid":false,"enemyHp":50,"enemyIndex":0,"enemyValid":false,"switchId":1,"switchValid":false,"turnA":0,"turnB":0,"turnEnding":false,"turnValid":false},"list":[{"code":0,"indent":0,"parameters":[]}],"span":0}]},
{"id":23,"members":[{"enemyId":50,"x":144,"y":444,"hidden":false},{"enemyId":50,"x":240,"y":208,"hidden":false},{"enemyId":50,"x":432,"y":444,"hidden":false},{"enemyId":50,"x":528,"y":208,"hidden":false}],"name":"Level 20 Encounters","pages":[{"conditions":{"actorHp":50,"actorId":1,"actorValid":false,"enemyHp":50,"enemyIndex":0,"enemyValid":false,"switchId":1,"switchValid":false,"turnA":0,"turnB":0,"turnEnding":false,"turnValid":false},"list":[{"code":0,"indent":0,"parameters":[]}],"span":0}]},
{"id":24,"members":[{"enemyId":58,"x":336,"y":358,"hidden":false}],"name":"Level 20 Boss","pages":[{"conditions":{"actorHp":50,"actorId":1,"actorValid":false,"enemyHp":50,"enemyIndex":0,"enemyValid":false,"switchId":1,"switchValid":false,"turnA":0,"turnB":0,"turnEnding":false,"turnValid":false},"list":[{"code":0,"indent":0,"parameters":[]}],"span":0}]},
{"id":25,"members":[],"name":"","pages":[{"conditions":{"actorHp":50,"actorId":1,"actorValid":false,"enemyHp":50,"enemyIndex":0,"enemyValid":false,"switchId":1,"switchValid":false,"turnA":0,"turnB":0,"turnEnding":false,"turnValid":false},"list":[{"code":0,"indent":0,"parameters":[]}],"span":0}]},
{"id":26,"members":[{"enemyId":60,"x":144,"y":444,"hidden":false},{"enemyId":60,"x":240,"y":208,"hidden":false},{"enemyId":60,"x":432,"y":444,"hidden":false},{"enemyId":60,"x":528,"y":208,"hidden":false}],"name":"Level 25 Encounters","pages":[{"conditions":{"actorHp":50,"actorId":1,"actorValid":false,"enemyHp":50,"enemyIndex":0,"enemyValid":false,"switchId":1,"switchValid":false,"turnA":0,"turnB":0,"turnEnding":false,"turnValid":false},"list":[{"code":0,"indent":0,"parameters":[]}],"span":0}]},
{"id":27,"members":[{"enemyId":68,"x":366,"y":349,"hidden":false}],"name":"Level 25 Boss","pages":[{"conditions":{"actorHp":50,"actorId":1,"actorValid":false,"enemyHp":50,"enemyIndex":0,"enemyValid":false,"switchId":1,"switchValid":false,"turnA":0,"turnB":0,"turnEnding":false,"turnValid":false},"list":[{"code":0,"indent":0,"parameters":[]}],"span":0}]},
{"id":28,"members":[],"name":"","pages":[{"conditions":{"actorHp":50,"actorId":1,"actorValid":false,"enemyHp":50,"enemyIndex":0,"enemyValid":false,"switchId":1,"switchValid":false,"turnA":0,"turnB":0,"turnEnding":false,"turnValid":false},"list":[{"code":0,"indent":0,"parameters":[]}],"span":0}]},
{"id":29,"members":[{"enemyId":60,"x":144,"y":444,"hidden":false},{"enemyId":60,"x":240,"y":208,"hidden":false},{"enemyId":60,"x":432,"y":444,"hidden":false},{"enemyId":60,"x":528,"y":208,"hidden":false}],"name":"Level 30 Encounters","pages":[{"conditions":{"actorHp":50,"actorId":1,"actorValid":false,"enemyHp":50,"enemyIndex":0,"enemyValid":false,"switchId":1,"switchValid":false,"turnA":0,"turnB":0,"turnEnding":false,"turnValid":false},"list":[{"code":0,"indent":0,"parameters":[]}],"span":0}]},
{"id":30,"members":[{"enemyId":78,"x":375,"y":340,"hidden":false}],"name":"Level 30 Boss","pages":[{"conditions":{"actorHp":50,"actorId":1,"actorValid":false,"enemyHp":50,"enemyIndex":0,"enemyValid":false,"switchId":1,"switchValid":false,"turnA":0,"turnB":0,"turnEnding":false,"turnValid":false},"list":[{"code":0,"indent":0,"parameters":[]}],"span":0}]},
{"id":31,"members":[],"name":"","pages":[{"conditions":{"actorHp":50,"actorId":1,"actorValid":false,"enemyHp":50,"enemyIndex":0,"enemyValid":false,"switchId":1,"switchValid":false,"turnA":0,"turnB":0,"turnEnding":false,"turnValid":false},"list":[{"code":0,"indent":0,"parameters":[]}],"span":0}]},
{"id":32,"members":[{"enemyId":80,"x":144,"y":444,"hidden":false},{"enemyId":80,"x":240,"y":208,"hidden":false},{"enemyId":80,"x":432,"y":444,"hidden":false},{"enemyId":80,"x":528,"y":208,"hidden":false}],"name":"Level 35 Encounters","pages":[{"conditions":{"actorHp":50,"actorId":1,"actorValid":false,"enemyHp":50,"enemyIndex":0,"enemyValid":false,"switchId":1,"switchValid":false,"turnA":0,"turnB":0,"turnEnding":false,"turnValid":false},"list":[{"code":0,"indent":0,"parameters":[]}],"span":0}]},
{"id":33,"members":[{"enemyId":88,"x":372,"y":349,"hidden":false}],"name":"Level 35 Boss","pages":[{"conditions":{"actorHp":50,"actorId":1,"actorValid":false,"enemyHp":50,"enemyIndex":0,"enemyValid":false,"switchId":1,"switchValid":false,"turnA":0,"turnB":0,"turnEnding":false,"turnValid":false},"list":[{"code":0,"indent":0,"parameters":[]}],"span":0}]},
{"id":34,"members":[],"name":"","pages":[{"conditions":{"actorHp":50,"actorId":1,"actorValid":false,"enemyHp":50,"enemyIndex":0,"enemyValid":false,"switchId":1,"switchValid":false,"turnA":0,"turnB":0,"turnEnding":false,"turnValid":false},"list":[{"code":0,"indent":0,"parameters":[]}],"span":0}]},
{"id":35,"members":[{"enemyId":90,"x":144,"y":444,"hidden":false},{"enemyId":90,"x":240,"y":208,"hidden":false},{"enemyId":90,"x":432,"y":444,"hidden":false},{"enemyId":90,"x":528,"y":208,"hidden":false}],"name":"Level 40 Encounters","pages":[{"conditions":{"actorHp":50,"actorId":1,"actorValid":false,"enemyHp":50,"enemyIndex":0,"enemyValid":false,"switchId":1,"switchValid":false,"turnA":0,"turnB":0,"turnEnding":false,"turnValid":false},"list":[{"code":0,"indent":0,"parameters":[]}],"span":0}]},
{"id":36,"members":[{"enemyId":98,"x":339,"y":361,"hidden":false}],"name":"Level 40 Boss","pages":[{"conditions":{"actorHp":50,"actorId":1,"actorValid":false,"enemyHp":50,"enemyIndex":0,"enemyValid":false,"switchId":1,"switchValid":false,"turnA":0,"turnB":0,"turnEnding":false,"turnValid":false},"list":[{"code":0,"indent":0,"parameters":[]}],"span":0}]},
{"id":37,"members":[],"name":"","pages":[{"conditions":{"actorHp":50,"actorId":1,"actorValid":false,"enemyHp":50,"enemyIndex":0,"enemyValid":false,"switchId":1,"switchValid":false,"turnA":0,"turnB":0,"turnEnding":false,"turnValid":false},"list":[{"code":0,"indent":0,"parameters":[]}],"span":0}]},
{"id":38,"members":[{"enemyId":100,"x":144,"y":444,"hidden":false},{"enemyId":100,"x":240,"y":208,"hidden":false},{"enemyId":100,"x":432,"y":444,"hidden":false},{"enemyId":100,"x":528,"y":208,"hidden":false}],"name":"Level 45 Encounters","pages":[{"conditions":{"actorHp":50,"actorId":1,"actorValid":false,"enemyHp":50,"enemyIndex":0,"enemyValid":false,"switchId":1,"switchValid":false,"turnA":0,"turnB":0,"turnEnding":false,"turnValid":false},"list":[{"code":0,"indent":0,"parameters":[]}],"span":0}]},
{"id":39,"members":[{"enemyId":108,"x":333,"y":334,"hidden":false}],"name":"Level 45 Boss","pages":[{"conditions":{"actorHp":50,"actorId":1,"actorValid":false,"enemyHp":50,"enemyIndex":0,"enemyValid":false,"switchId":1,"switchValid":false,"turnA":0,"turnB":0,"turnEnding":false,"turnValid":false},"list":[{"code":0,"indent":0,"parameters":[]}],"span":0}]},
{"id":40,"members":[],"name":"","pages":[{"conditions":{"actorHp":50,"actorId":1,"actorValid":false,"enemyHp":50,"enemyIndex":0,"enemyValid":false,"switchId":1,"switchValid":false,"turnA":0,"turnB":0,"turnEnding":false,"turnValid":false},"list":[{"code":0,"indent":0,"parameters":[]}],"span":0}]},
{"id":41,"members":[{"enemyId":110,"x":144,"y":444,"hidden":false},{"enemyId":110,"x":240,"y":208,"hidden":false},{"enemyId":110,"x":432,"y":444,"hidden":false},{"enemyId":110,"x":528,"y":208,"hidden":false}],"name":"Level 50 Encounters","pages":[{"conditions":{"actorHp":50,"actorId":1,"actorValid":false,"enemyHp":50,"enemyIndex":0,"enemyValid":false,"switchId":1,"switchValid":false,"turnA":0,"turnB":0,"turnEnding":false,"turnValid":false},"list":[{"code":0,"indent":0,"parameters":[]}],"span":0}]},
{"id":42,"members":[{"enemyId":118,"x":345,"y":367,"hidden":false}],"name":"Level 50 Boss","pages":[{"conditions":{"actorHp":50,"actorId":1,"actorValid":false,"enemyHp":50,"enemyIndex":0,"enemyValid":false,"switchId":1,"switchValid":false,"turnA":0,"turnB":0,"turnEnding":false,"turnValid":false},"list":[{"code":0,"indent":0,"parameters":[]}],"span":0}]},
{"id":43,"members":[],"name":"","pages":[{"conditions":{"actorHp":50,"actorId":1,"actorValid":false,"enemyHp":50,"enemyIndex":0,"enemyValid":false,"switchId":1,"switchValid":false,"turnA":0,"turnB":0,"turnEnding":false,"turnValid":false},"list":[{"code":0,"indent":0,"parameters":[]}],"span":0}]},
{"id":44,"members":[{"enemyId":120,"x":144,"y":444,"hidden":false},{"enemyId":120,"x":240,"y":208,"hidden":false},{"enemyId":120,"x":432,"y":444,"hidden":false},{"enemyId":120,"x":528,"y":208,"hidden":false}],"name":"Level 55 Encounters","pages":[{"conditions":{"actorHp":50,"actorId":1,"actorValid":false,"enemyHp":50,"enemyIndex":0,"enemyValid":false,"switchId":1,"switchValid":false,"turnA":0,"turnB":0,"turnEnding":false,"turnValid":false},"list":[{"code":0,"indent":0,"parameters":[]}],"span":0}]},
{"id":45,"members":[{"enemyId":128,"x":357,"y":355,"hidden":false}],"name":"Level 55 Boss","pages":[{"conditions":{"actorHp":50,"actorId":1,"actorValid":false,"enemyHp":50,"enemyIndex":0,"enemyValid":false,"switchId":1,"switchValid":false,"turnA":0,"turnB":0,"turnEnding":false,"turnValid":false},"list":[{"code":0,"indent":0,"parameters":[]}],"span":0}]},
{"id":46,"members":[],"name":"","pages":[{"conditions":{"actorHp":50,"actorId":1,"actorValid":false,"enemyHp":50,"enemyIndex":0,"enemyValid":false,"switchId":1,"switchValid":false,"turnA":0,"turnB":0,"turnEnding":false,"turnValid":false},"list":[{"code":0,"indent":0,"parameters":[]}],"span":0}]},
{"id":47,"members":[{"enemyId":130,"x":144,"y":444,"hidden":false},{"enemyId":130,"x":240,"y":208,"hidden":false},{"enemyId":130,"x":432,"y":444,"hidden":false},{"enemyId":130,"x":528,"y":208,"hidden":false}],"name":"Level 60 Encounters","pages":[{"conditions":{"actorHp":50,"actorId":1,"actorValid":false,"enemyHp":50,"enemyIndex":0,"enemyValid":false,"switchId":1,"switchValid":false,"turnA":0,"turnB":0,"turnEnding":false,"turnValid":false},"list":[{"code":0,"indent":0,"parameters":[]}],"span":0}]},
{"id":48,"members":[{"enemyId":138,"x":372,"y":391,"hidden":false}],"name":"Level 60 Boss","pages":[{"conditions":{"actorHp":50,"actorId":1,"actorValid":false,"enemyHp":50,"enemyIndex":0,"enemyValid":false,"switchId":1,"switchValid":false,"turnA":0,"turnB":0,"turnEnding":false,"turnValid":false},"list":[{"code":0,"indent":0,"parameters":[]}],"span":0}]},
{"id":49,"members":[],"name":"","pages":[{"conditions":{"actorHp":50,"actorId":1,"actorValid":false,"enemyHp":50,"enemyIndex":0,"enemyValid":false,"switchId":1,"switchValid":false,"turnA":0,"turnB":0,"turnEnding":false,"turnValid":false},"list":[{"code":0,"indent":0,"parameters":[]}],"span":0}]},
{"id":50,"members":[{"enemyId":140,"x":144,"y":444,"hidden":false},{"enemyId":140,"x":240,"y":208,"hidden":false},{"enemyId":140,"x":432,"y":444,"hidden":false},{"enemyId":140,"x":528,"y":208,"hidden":false}],"name":"Level 65 Encounters","pages":[{"conditions":{"actorHp":50,"actorId":1,"actorValid":false,"enemyHp":50,"enemyIndex":0,"enemyValid":false,"switchId":1,"switchValid":false,"turnA":0,"turnB":0,"turnEnding":false,"turnValid":false},"list":[{"code":0,"indent":0,"parameters":[]}],"span":0}]},
{"id":51,"members":[{"enemyId":148,"x":321,"y":382,"hidden":false}],"name":"Level 65 Boss","pages":[{"conditions":{"actorHp":50,"actorId":1,"actorValid":false,"enemyHp":50,"enemyIndex":0,"enemyValid":false,"switchId":1,"switchValid":false,"turnA":0,"turnB":0,"turnEnding":false,"turnValid":false},"list":[{"code":0,"indent":0,"parameters":[]}],"span":0}]},
{"id":52,"members":[],"name":"","pages":[{"conditions":{"actorHp":50,"actorId":1,"actorValid":false,"enemyHp":50,"enemyIndex":0,"enemyValid":false,"switchId":1,"switchValid":false,"turnA":0,"turnB":0,"turnEnding":false,"turnValid":false},"list":[{"code":0,"indent":0,"parameters":[]}],"span":0}]},
{"id":53,"members":[{"enemyId":150,"x":144,"y":444,"hidden":false},{"enemyId":150,"x":240,"y":208,"hidden":false},{"enemyId":150,"x":432,"y":444,"hidden":false},{"enemyId":150,"x":528,"y":208,"hidden":false}],"name":"Level 70 Encounters","pages":[{"conditions":{"actorHp":50,"actorId":1,"actorValid":false,"enemyHp":50,"enemyIndex":0,"enemyValid":false,"switchId":1,"switchValid":false,"turnA":0,"turnB":0,"turnEnding":false,"turnValid":false},"list":[{"code":0,"indent":0,"parameters":[]}],"span":0}]},
{"id":54,"members":[{"enemyId":158,"x":324,"y":415,"hidden":false}],"name":"Level 70 Boss","pages":[{"conditions":{"actorHp":50,"actorId":1,"actorValid":false,"enemyHp":50,"enemyIndex":0,"enemyValid":false,"switchId":1,"switchValid":false,"turnA":0,"turnB":0,"turnEnding":false,"turnValid":false},"list":[{"code":0,"indent":0,"parameters":[]}],"span":0}]},
{"id":55,"members":[],"name":"","pages":[{"conditions":{"actorHp":50,"actorId":1,"actorValid":false,"enemyHp":50,"enemyIndex":0,"enemyValid":false,"switchId":1,"switchValid":false,"turnA":0,"turnB":0,"turnEnding":false,"turnValid":false},"list":[{"code":0,"indent":0,"parameters":[]}],"span":0}]},
{"id":56,"members":[{"enemyId":160,"x":144,"y":444,"hidden":false},{"enemyId":160,"x":240,"y":208,"hidden":false},{"enemyId":160,"x":432,"y":444,"hidden":false},{"enemyId":160,"x":528,"y":208,"hidden":false}],"name":"Level 75 Encounters","pages":[{"conditions":{"actorHp":50,"actorId":1,"actorValid":false,"enemyHp":50,"enemyIndex":0,"enemyValid":false,"switchId":1,"switchValid":false,"turnA":0,"turnB":0,"turnEnding":false,"turnValid":false},"list":[{"code":0,"indent":0,"parameters":[]}],"span":0}]},
{"id":57,"members":[{"enemyId":168,"x":342,"y":403,"hidden":false}],"name":"Level 75 Boss","pages":[{"conditions":{"actorHp":50,"actorId":1,"actorValid":false,"enemyHp":50,"enemyIndex":0,"enemyValid":false,"switchId":1,"switchValid":false,"turnA":0,"turnB":0,"turnEnding":false,"turnValid":false},"list":[{"code":0,"indent":0,"parameters":[]}],"span":0}]},
{"id":58,"members":[],"name":"","pages":[{"conditions":{"actorHp":50,"actorId":1,"actorValid":false,"enemyHp":50,"enemyIndex":0,"enemyValid":false,"switchId":1,"switchValid":false,"turnA":0,"turnB":0,"turnEnding":false,"turnValid":false},"list":[{"code":0,"indent":0,"parameters":[]}],"span":0}]},
{"id":59,"members":[{"enemyId":170,"x":144,"y":444,"hidden":false},{"enemyId":170,"x":240,"y":208,"hidden":false},{"enemyId":170,"x":432,"y":444,"hidden":false},{"enemyId":170,"x":528,"y":208,"hidden":false}],"name":"Level 80 Encounters","pages":[{"conditions":{"actorHp":50,"actorId":1,"actorValid":false,"enemyHp":50,"enemyIndex":0,"enemyValid":false,"switchId":1,"switchValid":false,"turnA":0,"turnB":0,"turnEnding":false,"turnValid":false},"list":[{"code":0,"indent":0,"parameters":[]}],"span":0}]},
{"id":60,"members":[{"enemyId":178,"x":348,"y":412,"hidden":false}],"name":"Level 80 Boss","pages":[{"conditions":{"actorHp":50,"actorId":1,"actorValid":false,"enemyHp":50,"enemyIndex":0,"enemyValid":false,"switchId":1,"switchValid":false,"turnA":0,"turnB":0,"turnEnding":false,"turnValid":false},"list":[{"code":0,"indent":0,"parameters":[]}],"span":0}]},
{"id":61,"members":[],"name":"","pages":[{"conditions":{"actorHp":50,"actorId":1,"actorValid":false,"enemyHp":50,"enemyIndex":0,"enemyValid":false,"switchId":1,"switchValid":false,"turnA":0,"turnB":0,"turnEnding":false,"turnValid":false},"list":[{"code":0,"indent":0,"parameters":[]}],"span":0}]},
{"id":62,"members":[{"enemyId":180,"x":144,"y":444,"hidden":false},{"enemyId":180,"x":240,"y":208,"hidden":false},{"enemyId":180,"x":432,"y":444,"hidden":false},{"enemyId":180,"x":528,"y":208,"hidden":false}],"name":"Level 85 Encounters","pages":[{"conditions":{"actorHp":50,"actorId":1,"actorValid":false,"enemyHp":50,"enemyIndex":0,"enemyValid":false,"switchId":1,"switchValid":false,"turnA":0,"turnB":0,"turnEnding":false,"turnValid":false},"list":[{"code":0,"indent":0,"parameters":[]}],"span":0}]},
{"id":63,"members":[{"enemyId":188,"x":312,"y":358,"hidden":false}],"name":"Level 85 Boss","pages":[{"conditions":{"actorHp":50,"actorId":1,"actorValid":false,"enemyHp":50,"enemyIndex":0,"enemyValid":false,"switchId":1,"switchValid":false,"turnA":0,"turnB":0,"turnEnding":false,"turnValid":false},"list":[{"code":0,"indent":0,"parameters":[]}],"span":0}]},
{"id":64,"members":[],"name":"","pages":[{"conditions":{"actorHp":50,"actorId":1,"actorValid":false,"enemyHp":50,"enemyIndex":0,"enemyValid":false,"switchId":1,"switchValid":false,"turnA":0,"turnB":0,"turnEnding":false,"turnValid":false},"list":[{"code":0,"indent":0,"parameters":[]}],"span":0}]},
{"id":65,"members":[{"enemyId":190,"x":144,"y":444,"hidden":false},{"enemyId":190,"x":240,"y":208,"hidden":false},{"enemyId":190,"x":432,"y":444,"hidden":false},{"enemyId":190,"x":528,"y":208,"hidden":false}],"name":"Level 90 Encounters","pages":[{"conditions":{"actorHp":50,"actorId":1,"actorValid":false,"enemyHp":50,"enemyIndex":0,"enemyValid":false,"switchId":1,"switchValid":false,"turnA":0,"turnB":0,"turnEnding":false,"turnValid":false},"list":[{"code":0,"indent":0,"parameters":[]}],"span":0}]},
{"id":66,"members":[{"enemyId":198,"x":240,"y":434,"hidden":false}],"name":"Level 90 Boss","pages":[{"conditions":{"actorHp":50,"actorId":1,"actorValid":false,"enemyHp":50,"enemyIndex":0,"enemyValid":false,"switchId":1,"switchValid":false,"turnA":0,"turnB":0,"turnEnding":false,"turnValid":false},"list":[{"code":0,"indent":0,"parameters":[]}],"span":0}]},
{"id":67,"members":[],"name":"","pages":[{"conditions":{"actorHp":50,"actorId":1,"actorValid":false,"enemyHp":50,"enemyIndex":0,"enemyValid":false,"switchId":1,"switchValid":false,"turnA":0,"turnB":0,"turnEnding":false,"turnValid":false},"list":[{"code":0,"indent":0,"parameters":[]}],"span":0}]},
{"id":68,"members":[{"enemyId":200,"x":144,"y":444,"hidden":false},{"enemyId":200,"x":240,"y":208,"hidden":false},{"enemyId":200,"x":432,"y":444,"hidden":false},{"enemyId":200,"x":528,"y":208,"hidden":false}],"name":"Level 95 Encounters","pages":[{"conditions":{"actorHp":50,"actorId":1,"actorValid":false,"enemyHp":50,"enemyIndex":0,"enemyValid":false,"switchId":1,"switchValid":false,"turnA":0,"turnB":0,"turnEnding":false,"turnValid":false},"list":[{"code":0,"indent":0,"parameters":[]}],"span":0}]},
{"id":69,"members":[{"enemyId":208,"x":300,"y":409,"hidden":false}],"name":"Level 95 Boss","pages":[{"conditions":{"actorHp":50,"actorId":1,"actorValid":false,"enemyHp":50,"enemyIndex":0,"enemyValid":false,"switchId":1,"switchValid":false,"turnA":0,"turnB":0,"turnEnding":false,"turnValid":false},"list":[{"code":0,"indent":0,"parameters":[]}],"span":0}]},
{"id":70,"members":[],"name":"","pages":[{"conditions":{"actorHp":50,"actorId":1,"actorValid":false,"enemyHp":50,"enemyIndex":0,"enemyValid":false,"switchId":1,"switchValid":false,"turnA":0,"turnB":0,"turnEnding":false,"turnValid":false},"list":[{"code":0,"indent":0,"parameters":[]}],"span":0}]},
{"id":71,"members":[{"enemyId":210,"x":144,"y":444,"hidden":false},{"enemyId":210,"x":240,"y":208,"hidden":false},{"enemyId":210,"x":432,"y":444,"hidden":false},{"enemyId":210,"x":528,"y":208,"hidden":false}],"name":"Level 99 Encounters","pages":[{"conditions":{"actorHp":50,"actorId":1,"actorValid":false,"enemyHp":50,"enemyIndex":0,"enemyValid":false,"switchId":1,"switchValid":false,"turnA":0,"turnB":0,"turnEnding":false,"turnValid":false},"list":[{"code":0,"indent":0,"parameters":[]}],"span":0}]},
{"id":72,"members":[{"enemyId":218,"x":198,"y":444,"hidden":false}],"name":"Level 99 Boss","pages":[{"conditions":{"actorHp":50,"actorId":1,"actorValid":false,"enemyHp":50,"enemyIndex":0,"enemyValid":false,"switchId":1,"switchValid":false,"turnA":0,"turnB":0,"turnEnding":false,"turnValid":false},"list":[{"code":0,"indent":0,"parameters":[]}],"span":0}]},
{"id":73,"members":[],"name":"","pages":[{"conditions":{"actorHp":50,"actorId":1,"actorValid":false,"enemyHp":50,"enemyIndex":0,"enemyValid":false,"switchId":1,"switchValid":false,"turnA":0,"turnB":0,"turnEnding":false,"turnValid":false},"list":[{"code":0,"indent":0,"parameters":[]}],"span":0}]},
{"id":74,"members":[],"name":"","pages":[{"conditions":{"actorHp":50,"actorId":1,"actorValid":false,"enemyHp":50,"enemyIndex":0,"enemyValid":false,"switchId":1,"switchValid":false,"turnA":0,"turnB":0,"turnEnding":false,"turnValid":false},"list":[{"code":0,"indent":0,"parameters":[]}],"span":0}]},
{"id":75,"members":[],"name":"","pages":[{"conditions":{"actorHp":50,"actorId":1,"actorValid":false,"enemyHp":50,"enemyIndex":0,"enemyValid":false,"switchId":1,"switchValid":false,"turnA":0,"turnB":0,"turnEnding":false,"turnValid":false},"list":[{"code":0,"indent":0,"parameters":[]}],"span":0}]},
{"id":76,"members":[],"name":"","pages":[{"conditions":{"actorHp":50,"actorId":1,"actorValid":false,"enemyHp":50,"enemyIndex":0,"enemyValid":false,"switchId":1,"switchValid":false,"turnA":0,"turnB":0,"turnEnding":false,"turnValid":false},"list":[{"code":0,"indent":0,"parameters":[]}],"span":0}]},
{"id":77,"members":[],"name":"","pages":[{"conditions":{"actorHp":50,"actorId":1,"actorValid":false,"enemyHp":50,"enemyIndex":0,"enemyValid":false,"switchId":1,"switchValid":false,"turnA":0,"turnB":0,"turnEnding":false,"turnValid":false},"list":[{"code":0,"indent":0,"parameters":[]}],"span":0}]},
{"id":78,"members":[],"name":"","pages":[{"conditions":{"actorHp":50,"actorId":1,"actorValid":false,"enemyHp":50,"enemyIndex":0,"enemyValid":false,"switchId":1,"switchValid":false,"turnA":0,"turnB":0,"turnEnding":false,"turnValid":false},"list":[{"code":0,"indent":0,"parameters":[]}],"span":0}]},
{"id":79,"members":[],"name":"","pages":[{"conditions":{"actorHp":50,"actorId":1,"actorValid":false,"enemyHp":50,"enemyIndex":0,"enemyValid":false,"switchId":1,"switchValid":false,"turnA":0,"turnB":0,"turnEnding":false,"turnValid":false},"list":[{"code":0,"indent":0,"parameters":[]}],"span":0}]},
{"id":80,"members":[],"name":"<Tutorials>","pages":[{"conditions":{"actorHp":50,"actorId":1,"actorValid":false,"enemyHp":50,"enemyIndex":0,"enemyValid":false,"switchId":1,"switchValid":false,"turnA":0,"turnB":0,"turnEnding":false,"turnValid":false},"list":[{"code":0,"indent":0,"parameters":[]}],"span":0}]},
{"id":81,"members":[{"enemyId":221,"x":304,"y":336,"hidden":false}],"name":"Weakness Display Tutorial","pages":[{"conditions":{"actorHp":50,"actorId":1,"actorValid":false,"enemyHp":50,"enemyIndex":0,"enemyValid":false,"switchId":1,"switchValid":false,"turnA":1,"turnB":0,"turnEnding":false,"turnValid":true},"list":[{"code":101,"indent":0,"parameters":["People3",7,0,2]},{"code":401,"indent":0,"parameters":["Welcome to battle! I will talk to you about"]},{"code":401,"indent":0,"parameters":["the \\c[27]Weakness Display\\c[0] and about how "]},{"code":401,"indent":0,"parameters":["it works in the game!"]},{"code":101,"indent":0,"parameters":["People3",7,0,2]},{"code":401,"indent":0,"parameters":["Whenever you hit an enemy with an elemental attack"]},{"code":401,"indent":0,"parameters":["that they are weak to, the \\c[27]Weakness Display\\c[0] will"]},{"code":401,"indent":0,"parameters":["update and reveal that weakness to you permanently."]},{"code":101,"indent":0,"parameters":["People3",7,0,2]},{"code":401,"indent":0,"parameters":["Give it a try!"]},{"code":0,"indent":0,"parameters":[]}],"span":0},{"conditions":{"actorHp":50,"actorId":1,"actorValid":false,"enemyHp":50,"enemyIndex":0,"enemyValid":false,"switchId":1,"switchValid":false,"turnA":2,"turnB":0,"turnEnding":false,"turnValid":true},"list":[{"code":101,"indent":0,"parameters":["People3",7,0,2]},{"code":401,"indent":0,"parameters":["Some skills can be used to reveal weaknesses, too."]},{"code":401,"indent":0,"parameters":["For example, if you have the \\c[27]Scholar\\c[0] in your party,"]},{"code":401,"indent":0,"parameters":["you can use his \\c[27]Analyze\\c[0] ability to reveal more weaknesses."]},{"code":0,"indent":0,"parameters":[]}],"span":0},{"conditions":{"actorHp":50,"actorId":1,"actorValid":false,"enemyHp":50,"enemyIndex":0,"enemyValid":false,"switchId":1,"switchValid":false,"turnA":3,"turnB":0,"turnEnding":false,"turnValid":true},"list":[{"code":101,"indent":0,"parameters":["People3",7,0,2]},{"code":401,"indent":0,"parameters":["If you inflict status effects on an opponent,"]},{"code":401,"indent":0,"parameters":["then the \\c[27]Weakness Display\\c[0] will also be updated"]},{"code":401,"indent":0,"parameters":["to show the status effects they are afflicted"]},{"code":401,"indent":0,"parameters":["with, too."]},{"code":101,"indent":0,"parameters":["People3",7,0,2]},{"code":401,"indent":0,"parameters":["Take these and try them out!"]},{"code":126,"indent":0,"parameters":[21,0,0,8]},{"code":126,"indent":0,"parameters":[22,0,0,8]},{"code":126,"indent":0,"parameters":[23,0,0,8]},{"code":126,"indent":0,"parameters":[24,0,0,8]},{"code":250,"indent":0,"parameters":[{"name":"Item1","volume":90,"pitch":100,"pan":0}]},{"code":101,"indent":0,"parameters":["",0,1,2]},{"code":401,"indent":0,"parameters":["\\>          Received x8 Bottle of Poison!"]},{"code":401,"indent":0,"parameters":["\\>          Received x8 Bottle of Dust!"]},{"code":401,"indent":0,"parameters":["\\>          Received x8 Bottle of Chaos!"]},{"code":401,"indent":0,"parameters":["\\>          Received x8 Bottle of Sleep!"]},{"code":0,"indent":0,"parameters":[]}],"span":0},{"conditions":{"actorHp":50,"actorId":1,"actorValid":false,"enemyHp":50,"enemyIndex":0,"enemyValid":false,"switchId":1,"switchValid":false,"turnA":4,"turnB":0,"turnEnding":false,"turnValid":true},"list":[{"code":101,"indent":0,"parameters":["People3",7,0,2]},{"code":401,"indent":0,"parameters":["Looks like you've learned enough!"]},{"code":401,"indent":0,"parameters":["Let's finish this battle, shall we?"]},{"code":331,"indent":0,"parameters":[-1,1,0,9999,false]},{"code":0,"indent":0,"parameters":[]}],"span":0}]},
{"id":82,"members":[{"enemyId":222,"x":304,"y":336,"hidden":false}],"name":"Break Shield Tutorial","pages":[{"conditions":{"actorHp":50,"actorId":1,"actorValid":false,"enemyHp":50,"enemyIndex":0,"enemyValid":false,"switchId":1,"switchValid":false,"turnA":1,"turnB":0,"turnEnding":false,"turnValid":true},"list":[{"code":355,"indent":0,"parameters":["BattleManager.revealWeakness(12)"]},{"code":101,"indent":0,"parameters":["People3",7,0,2]},{"code":401,"indent":0,"parameters":["Welcome to battle! I will talk to you about"]},{"code":401,"indent":0,"parameters":["the \\c[27]Break Shield System\\c[0] and about"]},{"code":401,"indent":0,"parameters":["how it works in the game!"]},{"code":101,"indent":0,"parameters":["People3",7,0,2]},{"code":401,"indent":0,"parameters":["Look next to my name. There is an icon to the"]},{"code":401,"indent":0,"parameters":["left of it that looks something like \\i[15]."]},{"code":401,"indent":0,"parameters":["That is my current \\c[27]Break Shield\\c[0] count."]},{"code":101,"indent":0,"parameters":["People3",7,0,2]},{"code":401,"indent":0,"parameters":["Whenever you hit an elemental weakness of mine,"]},{"code":401,"indent":0,"parameters":["my \\c[27]Break Shield\\c[0] will be reduced by 1."]},{"code":101,"indent":0,"parameters":["People3",7,0,2]},{"code":401,"indent":0,"parameters":["Give it a try!"]},{"code":0,"indent":0,"parameters":[]}],"span":0},{"conditions":{"actorHp":50,"actorId":1,"actorValid":false,"enemyHp":50,"enemyIndex":0,"enemyValid":false,"switchId":1,"switchValid":false,"turnA":2,"turnB":0,"turnEnding":false,"turnValid":true},"list":[{"code":101,"indent":0,"parameters":["People3",7,0,2]},{"code":401,"indent":0,"parameters":["Whenever anyone, including you and me, reach zero"]},{"code":401,"indent":0,"parameters":["\\c[27]Break Shields\\c[0], the shield completely \\c[27]Breaks\\c[0], and"]},{"code":401,"indent":0,"parameters":["a new status effect is applied to the broken battler."]},{"code":101,"indent":0,"parameters":["People3",7,0,2]},{"code":401,"indent":0,"parameters":["In the case of this game, \\c[27]Stun\\c[0] is applied."]},{"code":401,"indent":0,"parameters":["While a battler is \\c[27]Stunned\\c[0], that battler will"]},{"code":401,"indent":0,"parameters":["receive double the damage until it wears off!"]},{"code":101,"indent":0,"parameters":["People3",7,0,2]},{"code":401,"indent":0,"parameters":["During this time, I advise you to hit as hard"]},{"code":401,"indent":0,"parameters":["as you can to defeat the battler! Try it out!"]},{"code":0,"indent":0,"parameters":[]}],"span":0},{"conditions":{"actorHp":50,"actorId":1,"actorValid":false,"enemyHp":50,"enemyIndex":0,"enemyValid":false,"switchId":1,"switchValid":false,"turnA":3,"turnB":0,"turnEnding":false,"turnValid":true},"list":[{"code":101,"indent":0,"parameters":["People3",7,0,2]},{"code":401,"indent":0,"parameters":["Looks like you've learned enough!"]},{"code":401,"indent":0,"parameters":["Let's finish this battle, shall we?"]},{"code":331,"indent":0,"parameters":[-1,1,0,9999,false]},{"code":0,"indent":0,"parameters":[]}],"span":0}]},
{"id":83,"members":[{"enemyId":221,"x":304,"y":336,"hidden":false}],"name":"Boost Point Tutorial","pages":[{"conditions":{"actorHp":50,"actorId":1,"actorValid":false,"enemyHp":50,"enemyIndex":0,"enemyValid":false,"switchId":1,"switchValid":false,"turnA":1,"turnB":0,"turnEnding":false,"turnValid":true},"list":[{"code":355,"indent":0,"parameters":["BattleManager.revealWeakness(12)"]},{"code":101,"indent":0,"parameters":["People3",7,0,2]},{"code":401,"indent":0,"parameters":["Welcome to battle! I will talk to you about"]},{"code":401,"indent":0,"parameters":["the \\c[27]Boost Point System\\c[0] and about"]},{"code":401,"indent":0,"parameters":["how it works in the game!"]},{"code":101,"indent":0,"parameters":["People3",7,0,2]},{"code":401,"indent":0,"parameters":["If you look at your status window, you may have noticed"]},{"code":401,"indent":0,"parameters":["there are small icons that look like \\i[160] and \\i[161] next"]},{"code":401,"indent":0,"parameters":["to the word \\c[27]Boost\\c[0]."]},{"code":101,"indent":0,"parameters":["People3",7,0,2]},{"code":401,"indent":0,"parameters":["These are \\c[27]Boost Points\\c[0]! For each \\i[160] there is,"]},{"code":401,"indent":0,"parameters":["that is a \\c[27]Boost Point\\c[0] that you can use!"]},{"code":401,"indent":0,"parameters":["We'll call \\c[27]Boost Points\\c[0] as \\c[27]BP\\c[0] for short!"]},{"code":101,"indent":0,"parameters":["People3",7,0,2]},{"code":401,"indent":0,"parameters":["To use them, press \\c[27]W\\c[0] or \\c[27]Page Down\\c[0] on the keyboard!"]},{"code":401,"indent":0,"parameters":["Up to x3 \\c[27]BP\\c[0] can be used at any given time."]},{"code":401,"indent":0,"parameters":["Then, select \\c[27]Attack\\c[0] and see what happens!"]},{"code":0,"indent":0,"parameters":[]}],"span":0},{"conditions":{"actorHp":50,"actorId":1,"actorValid":false,"enemyHp":50,"enemyIndex":0,"enemyValid":false,"switchId":1,"switchValid":false,"turnA":2,"turnB":0,"turnEnding":false,"turnValid":true},"list":[{"code":101,"indent":0,"parameters":["People3",7,0,2]},{"code":401,"indent":0,"parameters":["If you've used \\c[27]BP\\c[0] on your \\c[27]Attack\\c[0], you may have"]},{"code":401,"indent":0,"parameters":["noticed that you do some extra hits! Cool, huh?"]},{"code":101,"indent":0,"parameters":["People3",7,0,2]},{"code":401,"indent":0,"parameters":["But if anyone who used \\c[27]BP\\c[0] on their previous turn,"]},{"code":401,"indent":0,"parameters":["they won't regenerate any \\c[27]BP\\c[0] for this turn."]},{"code":401,"indent":0,"parameters":["Don't worry, you can still raise your \\c[27]BP\\c[0] in other ways."]},{"code":101,"indent":0,"parameters":["People3",7,0,2]},{"code":401,"indent":0,"parameters":["Here, take these and use them to restore your \\c[27]BP\\c[0]."]},{"code":126,"indent":0,"parameters":[7,0,0,8]},{"code":126,"indent":0,"parameters":[8,0,0,8]},{"code":126,"indent":0,"parameters":[9,0,0,8]},{"code":250,"indent":0,"parameters":[{"name":"Item1","volume":90,"pitch":100,"pan":0}]},{"code":101,"indent":0,"parameters":["",0,1,2]},{"code":401,"indent":0,"parameters":["\\>          Received x8 Spirit Tomato!"]},{"code":401,"indent":0,"parameters":["\\>          Received x8 Spirit Tomato (M)!"]},{"code":401,"indent":0,"parameters":["\\>          Received x8 Spirit Tomato (L)!"]},{"code":0,"indent":0,"parameters":[]}],"span":0},{"conditions":{"actorHp":50,"actorId":1,"actorValid":false,"enemyHp":50,"enemyIndex":0,"enemyValid":false,"switchId":1,"switchValid":false,"turnA":3,"turnB":0,"turnEnding":false,"turnValid":true},"list":[{"code":101,"indent":0,"parameters":["People3",7,0,2]},{"code":401,"indent":0,"parameters":["Did you know \\c[27]BP\\c[0] can be used with skills, too?"]},{"code":401,"indent":0,"parameters":["Some skills do more damage when more \\c[27]BP\\c[0] are used with them!"]},{"code":401,"indent":0,"parameters":["Other effects include longer durations for status effects."]},{"code":401,"indent":0,"parameters":["There's a large variety of effects that can happen!"]},{"code":101,"indent":0,"parameters":["People3",7,0,2]},{"code":401,"indent":0,"parameters":["However, \\c[27]Divine Skills\\c[0] require you to use x3 \\c[27]BP\\c[0]"]},{"code":401,"indent":0,"parameters":["before you can use them! You can think of them"]},{"code":401,"indent":0,"parameters":["as super moves."]},{"code":0,"indent":0,"parameters":[]}],"span":0},{"conditions":{"actorHp":50,"actorId":1,"actorValid":false,"enemyHp":50,"enemyIndex":0,"enemyValid":false,"switchId":1,"switchValid":false,"turnA":4,"turnB":0,"turnEnding":false,"turnValid":true},"list":[{"code":101,"indent":0,"parameters":["People3",7,0,2]},{"code":401,"indent":0,"parameters":["Looks like you've learned enough!"]},{"code":401,"indent":0,"parameters":["Let's finish this battle, shall we?"]},{"code":331,"indent":0,"parameters":[-1,1,0,9999,false]},{"code":0,"indent":0,"parameters":[]}],"span":0}]},
{"id":84,"members":[{"enemyId":221,"x":304,"y":336,"hidden":false}],"name":"Weapon Swap Tutorial","pages":[{"conditions":{"actorHp":50,"actorId":1,"actorValid":false,"enemyHp":50,"enemyIndex":0,"enemyValid":false,"switchId":1,"switchValid":false,"turnA":1,"turnB":0,"turnEnding":false,"turnValid":true},"list":[{"code":355,"indent":0,"parameters":["BattleManager.revealWeakness(12)"]},{"code":101,"indent":0,"parameters":["People3",7,0,2]},{"code":401,"indent":0,"parameters":["Welcome to battle! I will talk to you about"]},{"code":401,"indent":0,"parameters":["the \\c[27]Weapon Swap System\\c[0] and about"]},{"code":401,"indent":0,"parameters":["how it works in the game!"]},{"code":101,"indent":0,"parameters":["People3",7,0,2]},{"code":401,"indent":0,"parameters":["If you've done the other tutorials, you've probably"]},{"code":401,"indent":0,"parameters":["realized how important hitting weaknesses are with"]},{"code":401,"indent":0,"parameters":["these systems in play."]},{"code":101,"indent":0,"parameters":["People3",7,0,2]},{"code":401,"indent":0,"parameters":["However, did you know you can make this even easier"]},{"code":401,"indent":0,"parameters":["on yourself by swapping weapons in the middle of battle?"]},{"code":101,"indent":0,"parameters":["People3",7,0,2]},{"code":401,"indent":0,"parameters":["If you press \\c[27]Left\\c[0] or \\c[27]Right\\c[0] on the keyboard while the"]},{"code":401,"indent":0,"parameters":["\\c[27]Attack\\c[0] option is selected, you can swap the weapon"]},{"code":401,"indent":0,"parameters":["that you'll be using to attack with."]},{"code":101,"indent":0,"parameters":["People3",7,0,2]},{"code":401,"indent":0,"parameters":["Give it a try!"]},{"code":0,"indent":0,"parameters":[]}],"span":0},{"conditions":{"actorHp":50,"actorId":1,"actorValid":false,"enemyHp":50,"enemyIndex":0,"enemyValid":false,"switchId":1,"switchValid":false,"turnA":2,"turnB":0,"turnEnding":false,"turnValid":true},"list":[{"code":101,"indent":0,"parameters":["People3",7,0,2]},{"code":401,"indent":0,"parameters":["Each class in this game can wield multiple weapons."]},{"code":401,"indent":0,"parameters":["Swap them around in battle to make hitting enemy"]},{"code":401,"indent":0,"parameters":["weaknesses easier."]},{"code":101,"indent":0,"parameters":["People3",7,0,2]},{"code":401,"indent":0,"parameters":["But did you know some skills require certain weapons"]},{"code":401,"indent":0,"parameters":["to attack with? For those, don't worry about switching"]},{"code":401,"indent":0,"parameters":["to the weapon before using them. They will automatically"]},{"code":401,"indent":0,"parameters":["switch to that weapon once they're used."]},{"code":101,"indent":0,"parameters":["People3",7,0,2]},{"code":401,"indent":0,"parameters":["But if you don't have that weapon equipped at all,"]},{"code":401,"indent":0,"parameters":["then you cannot use that skill."]},{"code":0,"indent":0,"parameters":[]}],"span":0},{"conditions":{"actorHp":50,"actorId":1,"actorValid":false,"enemyHp":50,"enemyIndex":0,"enemyValid":false,"switchId":1,"switchValid":false,"turnA":3,"turnB":0,"turnEnding":false,"turnValid":true},"list":[{"code":101,"indent":0,"parameters":["People3",7,0,2]},{"code":401,"indent":0,"parameters":["Looks like you've learned enough!"]},{"code":401,"indent":0,"parameters":["Let's finish this battle, shall we?"]},{"code":331,"indent":0,"parameters":[-1,1,0,9999,false]},{"code":0,"indent":0,"parameters":[]}],"span":0}]},
{"id":85,"members":[{"enemyId":221,"x":304,"y":336,"hidden":false}],"name":"Side Battle Status UI Tutorial","pages":[{"conditions":{"actorHp":50,"actorId":1,"actorValid":false,"enemyHp":50,"enemyIndex":0,"enemyValid":false,"switchId":1,"switchValid":false,"turnA":1,"turnB":0,"turnEnding":false,"turnValid":true},"list":[{"code":355,"indent":0,"parameters":["BattleManager.revealWeakness(12)"]},{"code":101,"indent":0,"parameters":["People3",7,0,2]},{"code":401,"indent":0,"parameters":["Welcome to battle! I will talk to you about"]},{"code":401,"indent":0,"parameters":["the \\c[27]Side Battle Status UI\\c[0] plugin and about"]},{"code":401,"indent":0,"parameters":["how it works in the game!"]},{"code":101,"indent":0,"parameters":["People3",7,0,2]},{"code":401,"indent":0,"parameters":["\\c[27]WARNING!\\c[0] This plugin requires"]},{"code":401,"indent":0,"parameters":["Yanfly's \\c[27]Battle Engine Core\\c[0] to work!"]},{"code":101,"indent":0,"parameters":["People3",7,0,2]},{"code":401,"indent":0,"parameters":["What this plugin does is to move the various UI pieces"]},{"code":401,"indent":0,"parameters":["in battle to the side so that the player can focus on"]},{"code":401,"indent":0,"parameters":["the center of battle more. Take a look."]},{"code":0,"indent":0,"parameters":[]}],"span":0},{"conditions":{"actorHp":50,"actorId":1,"actorValid":false,"enemyHp":50,"enemyIndex":0,"enemyValid":false,"switchId":1,"switchValid":false,"turnA":2,"turnB":0,"turnEnding":false,"turnValid":true},"list":[{"code":101,"indent":0,"parameters":["People3",7,0,2]},{"code":401,"indent":0,"parameters":["You may have noticed that some of the menus appear"]},{"code":401,"indent":0,"parameters":["near the party instead of being at the bottom the"]},{"code":401,"indent":0,"parameters":["whole time, this is to make it more evident which"]},{"code":401,"indent":0,"parameters":["party member is currently acting."]},{"code":101,"indent":0,"parameters":["People3",7,0,2]},{"code":401,"indent":0,"parameters":["The command windows have also changed in size, too,"]},{"code":401,"indent":0,"parameters":["to make it more compact and take up less of the screen."]},{"code":101,"indent":0,"parameters":["People3",7,0,2]},{"code":401,"indent":0,"parameters":["But most importantly, this plugin also gets rid of"]},{"code":401,"indent":0,"parameters":["the lag that occurs in vanilla \\c[27]RPG Maker MV\\c[0] at the"]},{"code":401,"indent":0,"parameters":["start of each turn by changing the way the UI works."]},{"code":0,"indent":0,"parameters":[]}],"span":0},{"conditions":{"actorHp":50,"actorId":1,"actorValid":false,"enemyHp":50,"enemyIndex":0,"enemyValid":false,"switchId":1,"switchValid":false,"turnA":3,"turnB":0,"turnEnding":false,"turnValid":true},"list":[{"code":101,"indent":0,"parameters":["People3",7,0,2]},{"code":401,"indent":0,"parameters":["Looks like you've learned enough!"]},{"code":401,"indent":0,"parameters":["Let's finish this battle, shall we?"]},{"code":331,"indent":0,"parameters":[-1,1,0,9999,false]},{"code":0,"indent":0,"parameters":[]}],"span":0}]},
{"id":86,"members":[{"enemyId":221,"x":304,"y":336,"hidden":false}],"name":"Victory UI Tutorial","pages":[{"conditions":{"actorHp":50,"actorId":1,"actorValid":false,"enemyHp":50,"enemyIndex":0,"enemyValid":false,"switchId":1,"switchValid":false,"turnA":1,"turnB":0,"turnEnding":false,"turnValid":true},"list":[{"code":355,"indent":0,"parameters":["BattleManager.revealWeakness(12)"]},{"code":101,"indent":0,"parameters":["People3",7,0,2]},{"code":401,"indent":0,"parameters":["Welcome to battle! I will talk to you about"]},{"code":401,"indent":0,"parameters":["the \\c[27]Victory Sequence UI\\c[0] plugin and about"]},{"code":401,"indent":0,"parameters":["how it works in the game!"]},{"code":101,"indent":0,"parameters":["People3",7,0,2]},{"code":401,"indent":0,"parameters":["This plugin changes the victory sequence for battle. It puts"]},{"code":401,"indent":0,"parameters":["together all of the reward information gained from battle onto"]},{"code":401,"indent":0,"parameters":["a compact screen to display everything at once before the"]},{"code":401,"indent":0,"parameters":["player goes back to the map scene."]},{"code":101,"indent":0,"parameters":["People3",7,0,2]},{"code":401,"indent":0,"parameters":["This plugin best works in a game with a higher resolution."]},{"code":401,"indent":0,"parameters":["I recommend a \\c[27]16:9\\c[0] screen ratio of roughly \\c[27]1280x720\\c[0] size."]},{"code":101,"indent":0,"parameters":["People3",7,0,2]},{"code":401,"indent":0,"parameters":["And now, let's take a look at the victory sequence!"]},{"code":333,"indent":0,"parameters":[-1,0,1]},{"code":0,"indent":0,"parameters":[]}],"span":0}]},
{"id":87,"members":[{"enemyId":223,"x":304,"y":336,"hidden":false}],"name":"Battle System OTB Tutorial","pages":[{"conditions":{"actorHp":50,"actorId":1,"actorValid":false,"enemyHp":50,"enemyIndex":0,"enemyValid":false,"switchId":1,"switchValid":false,"turnA":1,"turnB":0,"turnEnding":false,"turnValid":true},"list":[{"code":101,"indent":0,"parameters":["People3",7,0,2]},{"code":401,"indent":0,"parameters":["Welcome to battle! I will talk to you about"]},{"code":401,"indent":0,"parameters":["the \\c[27]Battle System OTB\\c[0] plugin and about"]},{"code":401,"indent":0,"parameters":["how it works in the game!"]},{"code":101,"indent":0,"parameters":["People3",7,0,2]},{"code":401,"indent":0,"parameters":["\\c[27]WARNING!\\c[0] This plugin requires"]},{"code":401,"indent":0,"parameters":["Yanfly's \\c[27]Battle Engine Core\\c[0] to work!"]},{"code":101,"indent":0,"parameters":["People3",7,0,2]},{"code":401,"indent":0,"parameters":["One of the first things you may have noticed with this"]},{"code":401,"indent":0,"parameters":["new battle system is that there are \\c[27]Turn Order\\c[0] displays"]},{"code":401,"indent":0,"parameters":["located at the top of the screen."]},{"code":101,"indent":0,"parameters":["People3",7,0,2]},{"code":401,"indent":0,"parameters":["These displays tell you which battler will be having their"]},{"code":401,"indent":0,"parameters":["turn in which order from left to right. The left-most battler"]},{"code":401,"indent":0,"parameters":["will be able to pick an action and act immediately."]},{"code":0,"indent":0,"parameters":[]}],"span":0},{"conditions":{"actorHp":50,"actorId":1,"actorValid":false,"enemyHp":50,"enemyIndex":0,"enemyValid":false,"switchId":1,"switchValid":false,"turnA":1,"turnB":0,"turnEnding":true,"turnValid":true},"list":[{"code":101,"indent":0,"parameters":["People3",7,0,2]},{"code":401,"indent":0,"parameters":["As the turns continue, you may have noticed that the"]},{"code":401,"indent":0,"parameters":["battlers disappear from the left side of the display."]},{"code":401,"indent":0,"parameters":["Once the left is completely emptied out, it becomes a"]},{"code":401,"indent":0,"parameters":["new turn in battle."]},{"code":101,"indent":0,"parameters":["People3",7,0,2]},{"code":401,"indent":0,"parameters":["Once a new turn occurs, the turn order on the right side"]},{"code":401,"indent":0,"parameters":["of the display gets moved to the left and new turn orders"]},{"code":401,"indent":0,"parameters":["are then calculated for the right."]},{"code":0,"indent":0,"parameters":[]}],"span":0},{"conditions":{"actorHp":50,"actorId":1,"actorValid":false,"enemyHp":50,"enemyIndex":0,"enemyValid":false,"switchId":1,"switchValid":false,"turnA":3,"turnB":0,"turnEnding":false,"turnValid":true},"list":[{"code":101,"indent":0,"parameters":["People3",7,0,2]},{"code":401,"indent":0,"parameters":["The \\c[27]AGI\\c[0] stat matters in calculating the position of the battler"]},{"code":401,"indent":0,"parameters":["in the turn order, but raising the \\c[27]AGI\\c[0] during the middle of the"]},{"code":401,"indent":0,"parameters":["turn will not alter the turn order."]},{"code":101,"indent":0,"parameters":["People3",7,0,2]},{"code":401,"indent":0,"parameters":["This means that while \\c[27]AGI\\c[0] is important, it will not necessarily"]},{"code":401,"indent":0,"parameters":["become an overpowering stat like such found in \\c[27]ATB\\c[0] and \\c[27]CTB\\c[0],"]},{"code":401,"indent":0,"parameters":["nor is it invasive and interrupting like in \\c[27]STB\\c[0]. \\c[27]AGI\\c[0] only serves"]},{"code":401,"indent":0,"parameters":["to calculate the initial positions during a new turn and nothing more."]},{"code":101,"indent":0,"parameters":["People3",7,0,2]},{"code":401,"indent":0,"parameters":["However, the turn order can be manipulated with some skills."]},{"code":401,"indent":0,"parameters":["Using \\c[27]Guard\\c[0] in this game, for example, will push the user to"]},{"code":401,"indent":0,"parameters":["the front of the turn order (unless a battler is recovering"]},{"code":401,"indent":0,"parameters":["from \\c[27]Stun\\c[0]). Give it a try."]},{"code":0,"indent":0,"parameters":[]}],"span":0},{"conditions":{"actorHp":50,"actorId":1,"actorValid":false,"enemyHp":50,"enemyIndex":0,"enemyValid":false,"switchId":1,"switchValid":false,"turnA":4,"turnB":0,"turnEnding":false,"turnValid":true},"list":[{"code":101,"indent":0,"parameters":["People3",7,0,2]},{"code":401,"indent":0,"parameters":["Combined with the \\c[27]Weakness Display\\c[0], the \\c[27]Break Shield system\\c[0],"]},{"code":401,"indent":0,"parameters":["the \\c[27]Boost Point system\\c[0], and the \\c[27]Weapon Swap system\\c[0], OTB becomes"]},{"code":401,"indent":0,"parameters":["a battle system with immense depth."]},{"code":101,"indent":0,"parameters":["People3",7,0,2]},{"code":401,"indent":0,"parameters":["Go and figure out the strategies which work best for you"]},{"code":401,"indent":0,"parameters":["in this battle system! Have fun!"]},{"code":0,"indent":0,"parameters":[]}],"span":0},{"conditions":{"actorHp":50,"actorId":1,"actorValid":false,"enemyHp":50,"enemyIndex":0,"enemyValid":false,"switchId":1,"switchValid":false,"turnA":5,"turnB":0,"turnEnding":false,"turnValid":true},"list":[{"code":101,"indent":0,"parameters":["People3",7,0,2]},{"code":401,"indent":0,"parameters":["Looks like you've learned enough!"]},{"code":401,"indent":0,"parameters":["Let's finish this battle, shall we?"]},{"code":331,"indent":0,"parameters":[-1,1,0,9999,false]},{"code":0,"indent":0,"parameters":[]}],"span":0}]},
{"id":88,"members":[{"enemyId":223,"x":304,"y":336,"hidden":false}],"name":"Empty Battle","pages":[{"conditions":{"actorHp":50,"actorId":1,"actorValid":false,"enemyHp":50,"enemyIndex":0,"enemyValid":false,"switchId":1,"switchValid":false,"turnA":0,"turnB":0,"turnEnding":false,"turnValid":false},"list":[{"code":0,"indent":0,"parameters":[]}],"span":0}]},
{"id":89,"members":[],"name":"","pages":[{"conditions":{"actorHp":50,"actorId":1,"actorValid":false,"enemyHp":50,"enemyIndex":0,"enemyValid":false,"switchId":1,"switchValid":false,"turnA":0,"turnB":0,"turnEnding":false,"turnValid":false},"list":[{"code":0,"indent":0,"parameters":[]}],"span":0}]},
{"id":90,"members":[],"name":"<Rematch>","pages":[{"conditions":{"actorHp":50,"actorId":1,"actorValid":false,"enemyHp":50,"enemyIndex":0,"enemyValid":false,"switchId":1,"switchValid":false,"turnA":0,"turnB":0,"turnEnding":false,"turnValid":false},"list":[{"code":0,"indent":0,"parameters":[]}],"span":0}]},
{"id":91,"members":[{"enemyId":38,"x":411,"y":340,"hidden":false},{"enemyId":34,"x":186,"y":241,"hidden":false},{"enemyId":33,"x":162,"y":444,"hidden":false}],"name":"Level 10 Rematch","pages":[{"conditions":{"actorHp":50,"actorId":1,"actorValid":false,"enemyHp":50,"enemyIndex":0,"enemyValid":false,"switchId":1,"switchValid":false,"turnA":0,"turnB":0,"turnEnding":false,"turnValid":false},"list":[{"code":0,"indent":0,"parameters":[]}],"span":0}]},
{"id":92,"members":[],"name":"","pages":[{"conditions":{"actorHp":50,"actorId":1,"actorValid":false,"enemyHp":50,"enemyIndex":0,"enemyValid":false,"switchId":1,"switchValid":false,"turnA":0,"turnB":0,"turnEnding":false,"turnValid":false},"list":[{"code":0,"indent":0,"parameters":[]}],"span":0}]},
{"id":93,"members":[],"name":"","pages":[{"conditions":{"actorHp":50,"actorId":1,"actorValid":false,"enemyHp":50,"enemyIndex":0,"enemyValid":false,"switchId":1,"switchValid":false,"turnA":0,"turnB":0,"turnEnding":false,"turnValid":false},"list":[{"code":0,"indent":0,"parameters":[]}],"span":0}]},
{"id":94,"members":[],"name":"","pages":[{"conditions":{"actorHp":50,"actorId":1,"actorValid":false,"enemyHp":50,"enemyIndex":0,"enemyValid":false,"switchId":1,"switchValid":false,"turnA":0,"turnB":0,"turnEnding":false,"turnValid":false},"list":[{"code":0,"indent":0,"parameters":[]}],"span":0}]},
{"id":95,"members":[],"name":"","pages":[{"conditions":{"actorHp":50,"actorId":1,"actorValid":false,"enemyHp":50,"enemyIndex":0,"enemyValid":false,"switchId":1,"switchValid":false,"turnA":0,"turnB":0,"turnEnding":false,"turnValid":false},"list":[{"code":0,"indent":0,"parameters":[]}],"span":0}]},
{"id":96,"members":[],"name":"","pages":[{"conditions":{"actorHp":50,"actorId":1,"actorValid":false,"enemyHp":50,"enemyIndex":0,"enemyValid":false,"switchId":1,"switchValid":false,"turnA":0,"turnB":0,"turnEnding":false,"turnValid":false},"list":[{"code":0,"indent":0,"parameters":[]}],"span":0}]},
{"id":97,"members":[],"name":"","pages":[{"conditions":{"actorHp":50,"actorId":1,"actorValid":false,"enemyHp":50,"enemyIndex":0,"enemyValid":false,"switchId":1,"switchValid":false,"turnA":0,"turnB":0,"turnEnding":false,"turnValid":false},"list":[{"code":0,"indent":0,"parameters":[]}],"span":0}]}
]